read_id,n_framework_deviations,has_length_variant_region
ee483856-7f5c-47b6-b9d3-80868b2d1f96,1,False
df11a873-e3ae-48e3-a3f0-d841daa375cb,3,False
feeccaf8-6967-4fea-955e-55037880cab0,2,False
e836ca24-6b1e-4aab-94dc-3da81410942f,1,True
90bf2e15-36cb-4875-b140-420424eae375,0,True
71085ebe-4b6f-46ba-b18d-37b369ab8e0c,0,True
c1d8259e-dfc2-4351-85ac-2bff106c40ad,6,True
1f66f956-926d-4e04-a69f-4f356537bd5e,1,True
12f3a618-516b-4a94-b67b-9d89df992ba9,1,True
afe05e21-59e3-49f5-b532-5168fc4fed47,1,True
5fac6aa7-7452-462e-8503-609f673ba247,2,False
6c7853d3-6d21-4531-88c3-ed6aa7026f90,1,True
5b43a4b2-9a3b-4363-b5d5-8b298098fe71,2,True
a2683621-df98-460f-993a-c9f8dffda817,1,True
e7e18da5-01d4-4f6e-bbc7-be9cbd04c0f1,1,False
3c7fd38b-a601-408a-9ac3-9fdfd95ffa93,0,True
617171fa-7251-4d57-b29b-1f8a75cf4113,1,True
6970952a-5e6b-40db-b78e-b8aa031331f9,3,False
347d762c-90d0-4ae4-afa1-bdd10a75e729,1,False
4743fab2-b8dc-47ff-9ed8-e10dc034a147,0,True
ffc3ea2d-9c22-4e4c-9055-0cfa0245fbe5,0,True
11a3c35c-c3cd-46ff-b21c-3ee8305d8acb,1,True
a1b6f78e-2ce3-48ac-84f9-5e607805c58b,2,False
3cb6717c-b50b-426b-839a-2446cf844f86,1,True
bb2648b9-f513-4f0c-b34a-c11bdf5ffd41,1,True
ac4b5c04-d74b-4113-8de6-747e47db0d32,1,True
93421f26-5e4a-486a-80a3-741921a63a3c,2,False
ecf8f51c-9331-4752-95f3-cc8a24a361cc,1,True
6b522e7d-e958-46d1-b38c-572a49395dec,1,True
86fb5208-7710-420d-a0ba-a752115b052c,2,False
95437374-afde-473a-9395-1da076c6f4db,1,True
d04f058f-d243-44fd-bffb-af62030c36ea,0,True
3d59258b-8f70-4599-b190-8e5b425e6adf,2,False
93092c93-0e87-4382-893a-47716e0a9940,1,True
60b07729-e4a2-4338-99ac-7469ebd07f93,4,True
18f0b6aa-7b06-4e8a-a118-1e0e674fa5e0,1,False
0a7d2e37-721f-4873-8cfd-55c409f52f9a,3,False
84d65e8c-3344-4bc7-be8c-9c960de35270,0,True
44662f82-3bb6-4cdf-b373-7a8cc7cf6c20,5,True
efd51638-ec98-4dfe-8a0e-31aec47892a1,1,True
baa1d813-5a24-4ce3-8c33-2f58c23ca766,0,True
a0690dec-f009-4929-bdb9-e9d535a97091,2,False
55377723-dff4-4b93-959c-e61529046461,0,True
c5637543-fa0b-4ea6-bac8-8473ba5fa54e,1,True
345eb61c-b7d6-4408-a6c4-e2218891a2ae,1,True
65c8d423-3148-45e5-98c2-ae60b9ef5aa7,0,True
8b17bce9-5ed7-42f3-bbc3-d7e8ade790f5,3,False
eb2cfac9-c1d1-448a-b5cb-72c3fde23caa,0,True
b908d03d-4b17-4b75-8720-fc646513bcdd,0,True
03c2f2fc-67d1-45f5-9439-1de4416726a5,1,False
e9b58404-8d22-408e-97b0-5bc9aa06eb29,1,True
6d5f60c9-d9cb-482b-96de-cb6cd53b4aaf,0,True
df7d9855-a952-4f5e-bbc8-9fae1a52403c,0,True
352d068e-08c2-4b25-9144-973ab0697ba5,1,True
a1220223-ff2d-4223-b730-fe08ec2097e3,0,True
7377e305-34ad-4515-9c26-41c81c972bd4,0,True
b7fbad74-d9e2-4967-8d94-24b3c85c3314,3,False
381d942c-abe5-43bd-8a5e-3e5f36046e55,1,True
ec10c281-575b-4aef-9ce1-3bd8053f190e,0,True
df028020-199f-44e8-81bc-80cf7482ed4c,2,True
394e91fe-152c-456c-b0f2-7f13f9a4a05e,2,True
c9e49923-b3ef-483b-8459-977225d2903b,2,False
7e168672-6d8d-470d-acf5-ab8ee7053a61,0,True
8c4faee0-e166-4224-ba3c-e86e56ec99f5,0,True
31c1238a-c314-4055-991b-f03d621596b3,0,True
23510a17-b2b2-4262-bbe7-0095ec6b21aa,1,True
c60bc8fb-e913-4662-8326-dd8a7a8f91f0,1,True
87277c35-33a4-48e9-b7f5-8deab8b16179,0,True
5c178a59-816c-4aca-8fb6-d9248e7edc70,1,True
04fba2ba-bedf-4eaa-b675-8a595f9dfd67,2,False
68f71e29-59e3-4d00-8a0e-1e59b057ac91,0,True
799058dd-fd14-4ddc-83bd-2441581a47cb,2,True
de97443c-e6a6-4358-b584-d31c45a9f9f6,0,True
4fd1705d-53c6-4d12-a484-d70187135203,3,False
b3213d94-a3d8-4e4d-96cb-b63380b35ccd,0,True
540274ad-5fba-4dae-9dd8-d6f1d4ed5958,0,False
8591639b-5db1-4d5a-959b-b550fccdeec3,0,True
9e9ecd55-6102-4e9c-b377-f4c7040a66e6,0,True
234b5e1f-3bd2-4acd-a6b9-0682cb78e5ec,1,True
9bde51e0-0617-4412-9ca5-0547f6c16897,0,True
05a38685-2d3e-44f5-b69c-cca39c3d99a2,2,True
210c0adf-55db-4cb5-a53e-747a8c5dc483,1,True
11e56361-f794-4165-b6c8-7a0db4d1f3a2,1,True
068ee7a2-9526-49a0-bbd4-1e787362f3cf,1,True
8bf6e7c6-f45e-4aba-bfe9-70846b254ee2,1,True
d2a3b86d-ed1b-4ea8-affb-f346d2f5c033,2,False
8b0d093f-607e-416d-bf0a-f99fda6924c2,0,True
b6b17340-d04f-4fd1-9184-ea458db77941,2,False
d4aa7074-ce72-41ba-a8fd-b33b52732a66,3,False
53862a8c-12dc-4f32-8895-d9ad88fbebaa,1,False
bc11548e-1faa-4222-95bb-efedcfeb4a32,0,True
fb658733-b66d-4893-9b78-46c2c9299953,2,False
83e921e5-41ca-48ae-924e-4de1a3cb4603,1,True
238596aa-e1f4-4c21-b9b7-831d5c1b0709,1,True
e0f06c7a-f020-492e-878e-32e015abbf20,0,True
5f017ccf-299c-4a06-965a-eae7db281c36,1,True
36ba65f2-e20d-4060-9361-1793d643b1bc,1,True
4f8aa562-6cba-4e7a-8680-dc264636886e,0,True
be9a6f4a-8864-4db5-9f73-6c5de5c9a4df,1,False
f0d6b86e-b85e-4ba3-b2f4-f1bebce4670d,2,False
6990fb70-ebd6-4e64-a1eb-ec9f76425b78,0,True
0e6dace4-dfff-4540-bb06-3e69e061cf45,1,True
a0a2d0d4-4232-4e29-a3ed-b0059ebf4658,0,True
b4efa624-79b3-459c-9443-55818bff3745,1,False
97f7f4d5-fd91-43f1-a789-3f62d525e896,4,True
7bbc75d4-339f-4451-bafe-30b26867f30d,3,False
18a43c2a-c5ab-465d-8890-86236f517e1f,2,False
1a935f60-54ce-4dfb-a934-cc8996b6f9a6,0,True
b8516a8b-6e83-480c-90c4-8f246389e474,0,True
e3bffd84-e7ff-4618-8451-42760fa4483c,0,True
6a7ea915-2da0-4ff4-a051-83f7a26cedf2,0,True
6b433c36-d00a-4194-942b-7df58ce52de4,6,False
4d32196d-4c7a-454d-8b39-f96cdd9e2810,2,False
f197b897-b89f-40c6-81aa-df9a6bbdee40,0,True
930a8eb8-0f68-4b6b-8501-2fdca5758765,1,True
9249bc69-0c59-437b-8b78-74e9e6aefb02,1,False
706092ed-af1e-4d8a-8213-ad50361bcefa,1,True
d6fe2e53-cfb9-47ba-b0ee-be991f4f7002,0,False
0e8704a0-cc37-4716-af4d-c8454f783f78,0,True
35e24390-c620-48d9-b3e7-4637e4aa9ff6,1,True
8d4754a2-0e24-4181-84aa-41fd4b94a91e,1,True
543796e7-93e1-4dfb-883a-e6897aacfb48,1,False
64f96d5f-fc06-45c3-8193-b01903bc9651,0,True
1a41e671-bd41-4bb3-b39c-c2e49fdff1a2,1,True
24a2e678-9960-4cc2-886c-cfbfe1e949a7,1,True
2f02d551-c471-4f5a-b9ef-2b3efff18880,0,True
b7aeff07-ac77-4430-80cf-0d862b551974,1,True
4ae89205-d4ba-4599-bbe9-412bc2aaefa5,0,True
cea3cef3-dc3f-4771-9db7-4b9d1ccd32e8,0,True
7478cacf-ed60-4122-918f-d1d344fc912b,3,False
4d434516-ac01-4a6b-be01-b071a7c1c37f,1,False
20ba025d-4d1c-4965-8e4c-e0ed3208ee1e,1,True
098647b3-a26c-4fe4-baac-c873ba179ea5,1,True
17fb4074-f681-4a9a-9f2d-c13a97443add,1,False
e9391c78-873b-41a5-98b9-a924cf32a0fc,0,True
27420a78-727e-4033-ba4a-74ba469ce54e,0,False
391ad5c4-6cf6-415d-a18d-c609d9b5d4ab,1,True
4ec55c73-0112-450c-9543-ee80052a3447,2,False
af8add57-6782-4221-82d0-e9ffb5bf4b9f,1,True
589953b2-25dd-41ab-9e6f-04f524e2ef71,1,True
207cdce4-4f75-4692-bb1c-88b0661814fe,0,True
692f3e64-5809-44ea-b089-a7f197676a7d,1,False
bd73b7ec-eb81-49aa-86f6-0c2a9102f2f5,3,False
8ff151e1-3522-456d-bec2-40ecff90ed85,2,False
55abd8e9-9146-48e0-98be-8bc9f9338b23,1,True
678c2b21-a2d3-491b-bd6f-d3d0a82e6c7f,0,True
455c775d-fdcd-433b-aa21-a217c8d808ce,2,True
4973e119-aaad-4053-a96f-ecb6c0aa6ac5,3,False
a2e21553-0afe-4c5c-bafc-50e1e5d90637,0,True
7686b8db-7fa5-45fa-9656-e0c7586c617b,1,True
71428c08-a2a6-4b00-ae6b-2ea4b7c992e1,1,True
8206133a-f296-4917-be53-ed5d8641dc83,1,True
6c449c17-8a38-41f4-b41d-cab65837a65d,1,True
128f56e9-e90e-4d0d-93e2-11400c0ff97e,2,False
aa6df9ec-f29e-4891-adbf-e2cf0defa307,2,True
206ca46f-6294-4627-89e8-ce87003c8cb7,2,False
6eab5af0-57d7-4f56-b5c3-3bb9fabe7d31,1,False
4648eb7f-e670-4602-9577-3fb43ef172e4,1,False
b142052c-f2df-408f-97db-e53be5059bdb,2,False
55726219-f3a8-45de-979c-f5e1f593ed33,2,True
f9162ecd-05c8-4785-a1fc-ba55e2f37409,2,False
98083c11-2816-49fb-adbe-19869d76a3e4,1,True
3ef21a48-5043-4e63-9563-aee90256d062,0,True
d44bc5aa-c805-4ff3-9731-b52f56ad951a,3,False
73bdc7c4-bdea-400a-9b38-0a7473054da4,2,False
0ae72249-bab9-4454-98d6-8dab223113c4,0,True
a96c6aab-4a4e-4fdd-97f6-bbe584cd72d9,0,True
3942c1fd-0284-4e09-91d7-bcf5fc3a35bc,1,False
18fda736-a37d-473b-8d0d-8ada7fb85b9a,1,True
39f1d9fa-77a6-4e70-a25d-4956b1e367ab,14,True
6af4d936-8faf-4b7c-bf76-2407bce4c7ca,0,True
e3ffaa36-5f0b-407a-936f-09c806e226e8,2,True
cf8a062e-44d6-4ede-b61a-8ffb3182efa5,0,True
215fc0b7-5307-4fd4-b5e6-23eefb824166,5,False
8aed3cdc-4c7a-4dbd-be78-f7158a786992,1,True
1348ab20-16d2-4994-a81f-536f54e2215b,0,True
85d557bc-9ee5-4bcb-987c-dc5689c171d9,2,False
5a0554ef-7dd7-4846-8b9d-c7fdc0544c41,0,False
cde8de93-0777-4deb-86cf-6e9e85b20a33,1,False
3d2cf213-50e2-454f-a557-18f79c84b6f2,0,True
2bc8319e-e5ac-4038-af68-38e8486e7706,0,True
b58f7f63-4776-4ec4-9f92-e49083d7d91d,0,True
015b4c67-a6c3-4d40-ba38-49246bf5b494,0,True
bb630191-0551-414f-b3d1-6143d8253cf7,1,True
882b8bd9-775b-4f23-bc73-6e2ba10ddd90,0,True
e71d0153-343b-4d23-a1bc-e08a628e5527,1,True
16971424-98ae-49a4-977a-6e5b0347392c,1,True
56a75cbf-803e-446f-a47a-b027f2d95e03,0,True
b0e0fde8-2a36-489c-8dd6-e72d30547874,1,True
d86a2689-a388-4165-bfbb-42f8bd650f03,1,True
b533e1dd-3944-4d05-9310-4fe8834151db,1,True
a6cf00a4-5cf8-4fff-a00c-3b1ae8105a9b,1,True
daaf103e-1faa-4aa6-9fe5-3568ba5d8f7e,0,True
fe0eda9f-5eab-4b05-a4e3-76edefd52340,3,False
966d95db-1096-49de-96c4-cae2b18658a9,1,True
8aa56712-c52c-4b99-9cde-fe2790c2f56b,0,True
fcdc2869-6be8-41c6-9e0b-5c2f59334073,3,True
9a65c612-4d54-4ace-bec3-3d4975de1a34,0,True
53dc2ad9-0362-4247-b909-23aeca2d139a,1,True
99cce84e-e83f-42d5-a32a-03baddc2d268,0,True
dd2f6164-53b6-41c6-ac80-63bb07b59f9a,1,True
ae5553c0-893c-4698-8ea3-2ee21e8e3ffe,0,False
6b17d7e7-39ec-41c0-b056-2ac006fd6d0a,1,True
39bf2b7a-5936-419a-a29e-ea91b4b52873,1,True
8c7ab8a5-0e2e-4694-a0ae-d46ee58dfeac,2,True
eb70007a-c577-4534-b64f-8a8ffeb513cb,8,True
d18b991c-c5c1-4e97-b28c-e963a4ed7850,0,True
b62b77a3-584e-4cd9-957e-e87579768086,0,True
a819b9ab-17ed-429f-b208-c545d9a5a0ee,1,True
14d1b71a-e294-4eb8-ae75-96fbba290b72,1,True
f609f841-df1e-492c-b132-bf78edcd2003,1,True
08560673-458c-4ac4-bc71-846f77473c41,2,False
497c348c-256e-487e-8e04-23f34e0889ac,2,False
355cf4c9-1cca-4e52-9583-2741b8c87f66,1,True
062cfd8f-ef83-466a-b980-30c2fb3a8e93,0,True
4915904f-cd15-4f16-b6d5-2d152115adc3,7,True
f95c1bc2-8377-4a42-aa96-a16947311965,2,False
0080e53d-7ad3-4833-a77a-b027dfac7f43,3,True
502b6be3-1e2e-4ac1-baa5-269491dc4c06,0,True
9d9a9000-62aa-446f-aa60-58307c7ae4f4,2,False
7a694228-dd9b-47b8-b029-a6f2d3cd14e6,1,True
3b63b09c-d376-4da0-9ed9-46fac858c41d,0,True
027126d3-45ee-4410-b1ce-41a2e3252409,3,False
20dd23a5-93f4-48f1-8d66-2afaeccd4db7,1,True
e50c11c3-8784-4c61-88c7-145d042151ea,2,False
f89b9e7c-8403-40cc-86a7-fcb2caf98204,1,True
12d5adfc-521a-4bc7-90d0-d9d0e4b2a548,1,True
e62425a2-2bd6-4d8a-9374-5935550de9e1,1,True
c09ab1dd-d6d8-4c69-bb93-fcadee4b70d8,2,False
3a12b302-dbf7-4005-a003-a2ff5d0469b6,2,False
b322b452-4e34-4351-8a80-0083d55eb3d6,1,True
dba30ccd-954a-48fc-b209-930d0e52a634,1,True
90e2974f-9efa-4a13-861d-77c4e1d8bc8c,1,True
7fb68b8a-794d-46b7-a299-20faffa58fe8,1,True
2dbd1505-96f2-4b48-a7ce-653732dc584c,1,True
388d0731-60bd-4a29-b488-2cfae0ef69bf,0,True
963c448d-0376-43ac-a403-8fa514923ca1,2,True
36930792-a352-4bab-bab0-1321fe0992bf,0,True
cc3544ef-c940-4d9d-a8d5-3cac71d2821a,0,True
96134822-85d8-4bcf-98ab-5b1f8859ca9a,1,True
43a5351d-e6bb-4fd9-9224-faa6c12b3876,0,True
866e54a7-ff24-42bc-af27-d5374673b81b,3,False
d08d4249-2f2a-4331-a1b4-dacb242600c0,1,True
bcacd9d2-886e-4314-8250-8ff548b65208,1,True
3e0f0f48-e3f9-4682-8862-801db7b6db72,1,True
ea789166-32af-456a-9b47-934015d84418,1,True
73c4bf7a-b473-457f-a5a7-3a4234168e53,1,False
143e839f-b053-422e-ad28-f21f90af6dae,2,True
5d468b4a-4e6e-441b-98bb-2e84da8b83c8,3,True
45e9e29c-ecd0-40bf-9115-90a1179b7c5c,0,False
0fde391c-600c-4220-ba16-27ccf1a5487b,1,True
a737a3fa-327e-4f6e-8ff4-ffe4876e7542,1,True
9c076987-12a0-4368-8d91-647fc4329371,0,True
25415e18-01da-404c-be11-e388de6b10a5,0,True
5b882d26-e9ac-4901-b007-aab28c7cbda1,1,True
2e3c7c96-7e2c-418b-8a89-4f6451d734eb,0,True
e6be2534-8bfb-4f78-b8a1-a75e756af917,1,False
0e0e4237-ae91-4ef3-9e7d-72d6c7a229ef,0,True
f1430fec-9079-463c-88f9-933c1f274200,1,True
4e907844-fcb4-44e2-9cd1-7bf289b93439,1,False
7ca69b85-544a-4176-9cfe-3430bae4c1fb,0,True
63f46611-f8b5-4b7b-96e5-7eaa64b624b4,4,False
4ef73e11-2404-4210-8be9-139cb12ba14d,2,False
788bc3d7-54fd-4ff2-b46c-1fd0d3ff3f4d,1,True
8bacce23-b4d2-411c-b4c1-2a689afb2ee8,2,True
6e6bb8ad-82c2-4ab0-9b26-4218fb00242e,1,True
eb5cabde-3111-4158-90db-63383d1f37d0,1,True
0f51b265-8915-4db6-9225-658194ec08cd,1,False
912bee28-1433-44de-a51b-d1a79ee6c18f,0,True
73b33e52-6b2c-41f2-8c86-c718daa501ca,2,True
341828de-2541-440a-9ad1-3ea095246cd1,0,True
08d06180-d030-4e4b-81d0-f489a228756f,0,True
bcc6739b-168e-4beb-b20e-266659867c62,2,True
1d7c47b9-0709-4a5c-b481-0f292d858f7c,1,True
5b018c8e-5ca9-47f2-abd9-d1069ce160b7,5,False
2ee640f0-f744-4058-9b55-02e39ed93943,1,False
89acaa25-b147-4af5-a090-af4ccafe32ad,1,True
d2285598-4b14-452d-bec6-bd4968d0cfa7,1,True
c4ab5e4e-fcc7-45e6-9985-7b7cbdc29ff1,3,True
1def8f90-acaa-43de-a920-083a436fccba,0,True
0d83ff53-54ca-4ed5-92b2-31e2ac85e92a,3,False
db94aef3-2cb5-481d-8438-228f493881f7,1,True
6be34bbe-35ea-4793-9d2f-d830c850af5c,6,False
98f5fa16-f6f1-4d8f-ae84-cd66c5246a93,0,True
ce706796-3619-409e-9786-6cae4e9e6a62,2,False
8cd24b6b-828f-4b08-b92e-68ab0c33b744,5,False
3088f810-f659-499a-9000-497c7c5b7a80,6,False
72703f63-23aa-4c1f-a17d-46b236173375,1,True
abc561ab-8832-4c83-8e2a-9addba22d697,0,True
3d7a9e01-e6a0-4677-bac0-3325419c4865,0,True
bd8a6e56-52ca-495d-ba8a-04330c794877,0,True
c2f23537-2b20-4480-ae5d-e6b49767e07f,3,True
a4d9cbe0-a398-4adf-be14-bfea037705b4,0,True
0ff8b29f-eecb-4d62-b562-7031523168fe,0,True
1ab20c8e-c810-408b-9978-cdcdf7b34b40,0,True
8a8776c9-b6d3-4a24-83ec-1ae8cd812769,5,True
4302bb60-02fb-4ebb-aec7-40cab4ee8dca,1,True
e0b30190-940c-45c2-b1a9-33b627920ee1,2,True
09f0050f-efa3-4008-9127-872edddf7ff6,0,True
6cc2cc8a-ccc4-46f7-b078-634607c86da7,4,False
af08ef6b-d4d0-4029-b55e-4a1737fdfe66,3,False
2f788071-d4a3-4692-85c4-3cc5f31001e6,0,True
4f1269ad-a51c-4e17-a246-b750b006d8ee,0,True
1cb4f278-75f3-4b9a-92c2-5bbf292f6f36,2,False
f7196668-77cc-49ef-becf-be6ca564b8e5,1,False
30b869ec-1ce9-4e7a-adaa-5be7190f62ec,2,True
ffe5d9c1-9c51-4395-a7c6-613448cc6889,2,False
4af5b8d6-4493-4faa-a605-b0e51be00ac9,0,True
b3a5de3b-f545-43e5-9b5b-c1784d8a1b90,1,True
b61ac0ab-c9ff-4035-be2d-257a9517e0dd,0,True
d4533f4b-73d8-437f-b68a-86819156e451,1,True
d9168fbe-057c-438d-a384-f78daf67131b,1,True
0b2fc230-037f-414b-9312-36419d537b68,1,True
e651cde6-c874-4d7d-a0bd-11f696e79ad4,3,False
da268f4a-3b52-442d-9fa1-a22e15f2304c,4,True
40133d9a-fb17-44a1-8971-8f6c11b7921a,1,True
22c91a9c-3673-441b-b7af-24eb7fdd120e,0,True
4ae8bbd7-c6b3-4e75-b001-21840ccc2d1a,0,True
6415e2dd-6c3d-4472-af67-8092243d7edd,3,True
9b4461af-69f3-4ef2-946c-62a521856d90,0,True
71122f70-b025-44bd-986f-c1ccc4e319ae,2,False
ba2756ed-a420-4ec9-a011-016d94d17d73,1,True
3777d061-7606-4533-a28c-052eb743d246,1,False
df1fd320-879b-42b6-8e10-2cb2c09345ab,1,True
6f059977-2f91-4ce8-975a-b9b8e6119c30,1,True
b739a14b-c864-458f-9757-a57c147c7301,1,False
eb6ee7bb-bf91-4bae-a288-6df21327fdcd,2,True
2a12df35-774e-4892-b1a3-cd3dcb0f5705,1,True
0e97b990-b628-4e52-9a37-4bff0f553f12,1,True
40fc0588-dfa2-4d22-aee9-57682a289d7c,1,True
a9c68ebe-6ac8-421d-af9b-8a5154a9c8cd,0,True
1f0cfde1-7a08-4af0-8b39-d0f9f8ddb09c,5,True
0af47d63-b020-4b15-baae-687218dfba84,0,True
91835a78-4228-4ceb-9ba9-e04b6754e924,0,True
dc268f49-3e56-4992-987f-dcf3fae3414e,1,True
d19cd7bf-1aea-42e5-9942-1d5771660505,1,True
292e2df5-db7a-4db7-bec4-24aed2f9704b,3,False
912d1a7a-a62e-4fd8-ad5b-667ca2e9ffec,2,True
1d1f2f0e-baaf-4b4b-84ad-852eb24a773e,1,True
c3029255-ea2c-4da1-b8e3-0d2d21520939,0,True
fc2d2a3d-98b8-4238-ba1e-751f4a427b81,1,False
e841a82b-2a8d-4a0f-85a2-cf6d649647ec,2,True
bfa9d956-5867-4d88-9e32-750be44ebecb,1,True
329cb2c0-2287-42c5-8238-b1ebd912169e,1,True
db4dff6a-cbe5-435e-8cad-bd49ac4cbeab,0,True
17accfad-c8fa-4042-a56a-b49309d58e88,1,True
3487e187-e51b-4a59-8039-f916e99e2498,1,True
d3f29cfb-b69c-43bf-8218-9447d2a5cbc5,1,False
538207f9-9691-430a-9aa6-36b2fc0766e4,0,True
3cadad4c-fd7f-4b92-ab30-f4f32126a90d,1,True
9e6e4f5a-3d13-4e1e-a839-aa25ac8bba6d,1,True
fffdffc6-e38c-4f35-8b18-1d4c41e04cdf,1,True
075589fc-21c3-46e0-8fd9-bc8bfc9cb0d4,1,True
f9b0089c-9217-412c-aa1a-20c29c97dc30,1,True
89476189-b06e-41eb-9eae-17d77ba09cb2,2,False
9bd914d1-c8a9-4d34-aae8-a1129135111d,0,True
d9770142-e0cf-4bd6-9c12-c8f74972678f,3,False
05b266c9-261b-4106-a3b7-34c4082a3402,1,True
9d7d04eb-c5bd-4e30-8f3e-21fd61e1e378,3,True
47737dda-2c2b-4704-b9fd-e5258184494c,2,False
d0d9b9ea-ede2-4488-a981-4df4663f3af5,2,False
8488cd18-44ce-404b-b13c-d86f549c2513,1,True
f5bedee8-a2a6-4556-9e68-38d490f6bc3c,1,True
8a04e71b-9e9b-491b-9568-6117e03c355c,1,True
d0ca5f24-b3d6-4f95-81ad-e1a7c3cb2773,1,False
fc36166a-ecc8-4791-9f5f-bb9dbdf94613,2,True
8b6101c3-12c8-43b3-85be-643f215a87ea,0,True
03504afc-8ee9-46be-b91b-e4ec38f06cbb,0,True
b8043cb9-9dcf-477a-81c3-6f2ee483d885,3,False
c9a0f932-cf4d-41da-a571-67117edb3b41,4,True
bfb42562-f401-4241-8a2c-ff5bef1c3404,11,False
4a2bd3c5-5fcb-404d-82c0-90971fb15f4c,1,True
c644ad16-e906-423e-957b-2f21e6196590,0,True
8cd02662-0569-454f-9238-5eea7b56c249,2,True
40144750-9ad7-49f6-9ccb-111237479016,1,True
139d538d-f52d-4087-86f4-484884d6a03a,1,True
497e0c92-57ef-4408-b2d4-4e601057f91c,0,True
9c9048d0-d87f-40e9-b630-f901c1c52dcc,1,True
183dc539-a46a-40b1-96f9-54c8ede4b2bf,1,True
1008798a-4525-49a0-940e-27d648e0f496,1,False
f68ea458-a006-4300-991f-94f55c7449b8,0,True
8433f18e-a94b-4588-84dd-7b3a97b39633,1,True
da705065-60e5-4bcd-bbb3-8075e18dbb18,1,True
04d51c78-0d5e-4c9f-9974-c0ad9d39557c,1,True
957e3c14-c75e-4c3b-9a29-5dec7eb9219e,0,True
8ebe20a6-2418-41f9-863d-3f9665812937,1,False
ff81d110-6b62-4236-9078-3b8d362d407a,1,True
3c45de52-c664-4602-a142-b25054f6e968,1,True
2add134e-4c33-45f7-bbc3-39638a95f904,0,True
23744f56-9381-4184-bfe9-7b138833bb56,0,True
a1f20f82-b16d-44c1-9f40-6d8796376b31,1,True
b1fba5da-e0b8-487c-83c8-dfd7bdf848c9,1,True
8a2fe402-c89b-4ac3-be68-3f5b3a4778a0,1,True
d72fe712-a2f7-4f39-93c5-632e247cf4c7,1,True
f2818057-f40d-44e6-b7d2-57daeeb7bb41,1,False
230ad876-0806-469b-937e-7e39495814f2,0,False
b105adb4-1bad-4918-8464-4fcaae2365e6,1,False
a506e192-ec67-4187-bb39-5f202519ed92,13,True
3d95377b-e445-4265-bca8-ace43e194696,4,True
ecf6402b-b679-462f-9818-3b8fc800369b,0,True
3d4274fb-7764-42b4-ba95-b0258e31bd22,1,False
cc1895a5-bd5d-4e1e-9517-9baf75ec3e41,1,True
fdffcc42-33d3-4b40-80f4-c59b0e12dba6,2,True
2d5686ce-99a4-4f96-872e-7ab6f1d0ec22,1,True
f64161a8-54b2-42a8-81ae-5b011ec8ef71,0,True
ea2d70ac-d4b7-4fe3-b46f-d3d809b58e13,5,False
959b9d06-0a8b-4780-a5bb-a9e65b878c67,0,True
ef1b6237-b9da-4979-abaf-0aa3fe5901f2,3,False
e11a1e79-1752-413d-a469-9287e3e00910,1,True
7da93479-e353-4e19-bc78-d2a52f6b8dec,5,False
950a3836-1b98-497a-b894-dfe275fe83b6,1,False
f742e7c1-da01-4d0d-85ab-135b13a166cf,1,True
fe1ceaa3-255c-4349-9309-d5f734864366,2,False
f06e9a5a-cfd5-4d01-89e8-52c8e1bf4529,19,False
c1d6488c-4c85-4d9f-9003-47e7f8dab433,1,False
c8f2282b-cd2e-4802-8d2a-53fe9313619e,0,True
de5dcc2c-9870-43e8-8865-6bdd3fddb6df,0,True
b51b6f80-725d-41f8-a1ea-9b40d584370e,0,True
91afc98f-494e-4468-a270-3764e7d12d1b,1,True
b4e3ab69-14eb-4c7c-809f-f14899118004,3,False
06d14d5f-c915-4d87-a941-d3b1f37de85c,0,True
5d3acb96-7384-4478-a3a7-4339ff312f10,1,True
82e27ff8-d366-4569-9b4f-b2ca611c6a2f,1,True
b8d5999c-a090-4da9-9a93-861010abbdc6,0,True
bbe79c9f-79ae-4618-9c78-25df6a6c610c,2,True
e410222f-a435-41ff-9299-d875be2980ba,1,True
e0d148d7-27d1-4b7c-8c82-ef64519c0122,0,True
15e866cb-d273-4f0e-a170-dc355f60bdce,2,False
035e6ec1-d0d1-47d4-9f7f-7df231529ce7,2,False
f784d31d-6638-425a-b4cf-76969178dda2,1,True
4a4352ed-93d8-45e5-a577-567836b89b8b,1,True
d3508360-16ee-4ad3-824a-278e7fa1b486,6,False
a9bfbaeb-cacc-41ef-a6f3-b9d2a2b34562,0,True
70440a3d-7152-4370-95f0-adb94c2348d9,1,True
789c0949-9c29-43ba-8036-6c74866056e2,2,True
075dd910-df63-4a34-be3b-a5053dac5d1c,0,True
26f44e21-5ba2-40fe-b0d0-8c32887fd46b,1,False
374c86ec-8756-4410-a3dd-f755c7f751b2,0,False
949a2c70-d49c-44b4-92b1-0220a404d393,1,True
2b609c5e-4bde-4164-87ee-d9a4148115f7,2,False
64cdc795-c0d8-4ac3-967a-1c5aa7658fa5,0,True
28cb17e7-47d5-41f2-b75d-cac0bdd460f5,3,True
6e4553e5-7a80-412b-8e00-ee662462c166,0,True
3cd88557-bd10-4278-9349-f78e7b1f2ba6,0,True
353ec881-1734-42b1-a0ae-c79dff349d4e,5,False
0ae79eff-13db-4c1f-bf19-3d043c3fe165,2,True
73b13ea0-4204-4f36-b553-728facb2e856,1,True
fe21fe53-d22f-4b0f-8b87-a84fbb15923d,2,False
e419ad52-f98b-40e6-a4da-ec38043ed86c,2,False
82df0283-c4c9-4e4c-bef0-1bedfc17712c,0,False
39b144af-ed27-4451-a661-ba1f67c21b4f,2,True
0b0edd61-4169-4413-94ee-8837884b2921,2,False
299a7b26-d46a-49be-942a-cdb3193de562,0,True
4c1a058e-0ef1-42e1-aa81-cd448c280e50,1,True
cf0a8852-2e5f-420e-bffc-2e3333fef507,2,False
9af4a921-39dd-4ea3-aead-a5f319d3706e,1,True
6b42f429-ce59-4ba5-a10d-fdd95f9ba6a7,1,False
0c57d468-a369-440e-8d14-09cbe7c9c7ec,2,False
1e83b387-01e6-4bdc-bec5-4af2abf29707,0,True
a2cea0ad-8065-4d7f-ac58-2b3e84f1c6a5,2,False
d60608fe-3584-4c5a-9432-42ba807b9d1d,2,False
438f0934-dc00-4a55-91e4-a454a15cf6ef,0,True
d05c8cfd-ba64-4b54-bd3e-54f7fea68998,1,True
0f36d3a3-790a-409b-8132-7dc94f45c7d6,1,False
34ef00e8-9730-4d51-a516-7a4cd15ae32d,0,True
ecc88213-0a77-42c4-9c0a-44366f159758,0,True
d4aeb0fa-fd6c-486f-98ab-d37edaea609e,0,False
2a05ca8e-4fa5-43dc-9ea2-638486b71555,1,True
a26ca63e-6e5b-4690-a94e-ab5e96b3d6b5,19,False
23d63c04-9e19-4958-a0ee-c2b0cb94eaf2,0,True
06e97cb3-7fbc-447f-9dff-22cd7d173195,1,True
ae7081cc-1dfe-4ca8-99af-43a3660ac9b1,0,True
1ef5aaa6-4abb-4c13-93d4-50ec947975f2,1,True
f722f27c-cf64-4bfd-a76d-b295a2434adb,0,True
464a9c60-f158-47c7-85d9-179c0f1d34b2,1,False
e8581323-d450-4394-847c-829eaf1c6b11,1,True
c2c6e04b-0e58-4eb9-9073-fa3aa7355569,3,True
0c8b16d8-ed2e-4c08-b610-827ba5774633,1,False
f5fd052d-2ca6-4671-820d-27e94f33db47,3,True
1e8924a2-275e-4d36-9997-dac4daef2b32,1,False
f6da53c8-0ba0-4567-8946-424ac960bad7,1,True
53fb8b42-b3ef-4de7-92d5-ddf36d202e4e,2,False
a16c0ec7-5378-499e-8908-c8bfd619abef,3,False
bdad91a9-d790-4902-8789-da0c6bfdab30,1,True
f3a5e4ab-c84e-47b2-831b-d37d90eccdfd,1,True
73438d5c-0114-47b4-a15b-fca65b151d4d,0,True
4d91b4bf-82fe-4604-9c29-22889ffb00be,3,False
86d5f77a-d0c1-4945-ac85-c08751e0c635,0,True
e2bccc28-6963-4e64-8758-6a2adcb10a36,2,False
8ff88430-21ab-4860-a34a-551c029f4016,2,True
5bec75c7-5c47-48a4-93d0-1d3bd405f5e4,2,True
6da3d119-3916-448a-98be-00631cb7d1bc,1,True
925bddd3-d643-4f65-8cda-0f159e985a06,0,True
50e530ff-3c92-4571-a76c-d011424ed6f2,2,True
062f4b1c-f56d-490c-b368-d62bdf8da302,3,False
5f695784-9ddf-4d83-b585-c5d7ef13cdc8,2,False
5b6f4c4a-766e-4954-a3eb-472cbb23ae20,1,False
ccb4b896-aa49-4b5a-ab53-27b931617255,5,True
224a3a38-add7-4871-bf52-36538e5acf7b,3,True
06775912-2f97-4dff-b352-5cd592c081ea,2,False
f074ba60-96e8-4614-9d27-9fb2b14a5b7d,1,True
240700a4-9434-46e7-8403-af482d4282c4,1,True
6b051cf9-4e0f-47f2-9a4e-357c64be28be,1,True
dab3337a-32a6-483f-959b-9a9df3c391f2,0,False
36d17def-f9fb-4da1-8542-5b0cfceac6f4,0,True
d12928ac-108b-418c-b17b-90ea05592e61,1,True
cdd8d48e-1ef6-4aab-9930-9557c23556b7,2,False
4ba4be78-e1e0-4a6a-8411-eefac65a4f0f,2,False
4c5088b3-9cd4-4388-ae14-bc42a986811b,2,False
399269df-9c87-4dd4-990e-29c48c615ef2,2,False
9c4a3400-7aab-4bb5-a6dd-5a306fc1b89b,13,True
f30eae80-ee98-4bb4-a00b-fcb8a3e733fb,0,True
b1840fe6-96d2-4403-b3d6-e14bd6ddb2b0,1,False
7cbb8e33-4e80-4641-b491-314c678cd7dd,2,False
c6058320-dd74-4069-ad61-69474bce24d4,1,True
a326cc99-b1a0-4485-831f-b94388fc0335,3,True
1a52027e-2b82-481d-a45e-458faafc2b17,0,True
5160b2e4-14e5-446b-aa32-94655f6016af,3,False
6efb3359-1e55-4d6c-a328-ac7f801bbcc3,3,False
c4cf49d4-7666-4cfb-aed1-608e0ad662b7,1,True
a231883a-4ae2-46ab-af52-abc1078a5925,1,True
4b33e732-a05e-4780-b106-5ccf5b374146,1,True
fe37f2bb-d5b6-4141-be45-b098a0595cc5,2,False
b5978d08-d1ed-41b8-b310-9da1df47b9ab,1,True
bbb556da-4f00-4983-bab7-c4ee2a302d1a,0,True
2704ec72-13f3-442e-881b-0fdf84a6fffd,0,False
270f8a04-c579-46a4-8f83-98101929abfa,14,True
60749f21-517c-4318-8189-6ff2aafc1e20,1,True
e243ff86-5c50-42ed-9e36-8b1faeb31ccb,0,True
5b8c0b2f-d4ea-41dd-8ecc-30b020af2a61,1,True
f8ff3ceb-6edb-43ab-88c8-aa7f71ca29ae,1,False
38d1e075-edcf-42d2-bc48-99599b6554da,1,True
b841463f-1596-4a0f-bf77-6f43416545e5,1,True
41d4e96d-9cbe-4c36-abc3-7df90a0254f5,2,False
b518cb71-f2c3-4321-8ce1-f83014ca0f9e,2,False
abeb9870-bc8b-4110-a896-562213c12edd,1,True
3c0d632b-bc83-446e-a837-d55a9bfd39b6,0,True
2fa2c53f-907d-4d30-9f84-36b509f65177,0,True
6fe7453c-b60f-4618-a164-ec1b7dadde0c,2,False
0ba4fc34-35d5-4076-8048-e8d3ab793801,1,True
fac32d09-78ae-4262-bf23-e26178fae399,3,True
27c00f1d-2251-4e1d-adcf-131b8a45b329,1,True
48e1e6b1-7725-4fe3-bab7-ff86b3083521,1,True
61c88371-8543-4050-bf26-2fb516c03f56,1,True
df2427b2-5879-4fcb-94c3-8f0c72fb53bd,1,True
b8bb2591-1399-47d4-b53c-8b2888587103,1,False
91ad080e-4cf3-418e-8b22-df7f0ad0c24d,1,True
7596cc8c-611f-473f-9aa6-c6222edade8c,2,False
b05aace1-3201-40c1-910d-efb322bbaa2e,2,True
0d9fe1c7-0751-4479-9bf8-b0784a6ff6b4,1,True
55b34a68-3882-4323-9d02-ec99384bd421,2,True
99b0e9e3-920b-4700-9c3e-25c0760c5207,2,True
65bd9d45-a82b-4378-b08c-bfac34efd956,1,False
3fd5315c-a4a3-4682-94a2-edb5e037308e,1,True
de386275-50f1-44b0-acbd-875200a98237,1,False
96ac84dd-a4df-4a4c-aa71-77ee0f986871,0,True
44118529-46db-46be-9bf8-815cc990e0ef,24,True
4c5b77de-b571-40e4-a576-9493ba0e2a2d,1,True
b86ffc01-2e81-4611-97c0-9d0e46127bc3,2,False
91048eb2-d550-46ce-8c11-5efab0de31de,1,False
77113f98-50ed-4d0e-bb39-c8d189566204,1,True
a281a659-e541-4db5-8edd-98467bd9889c,0,True
c35de52f-9902-4d51-8ccc-e4c0a1325b0f,6,False
19ef2340-ca65-46d1-a629-471bf033801d,10,True
88269ff4-3aac-4d22-bfb4-c90f1c3185ef,1,True
15d4213b-ce5f-441e-9888-463efec02d8c,1,True
0f5cf0ca-57ff-46a5-a9ad-a9785e9b5bec,0,True
35df4121-bf9f-49e5-9a2c-b1e54f9b6771,1,False
14893054-663b-4571-972f-bf291e0c41dd,2,False
cd2530db-2d43-480a-a339-ddd5f139e5a7,2,True
bbacfdef-4bb2-4f88-88af-31c5a80ed0bc,3,True
ffcd0408-3739-4b69-b149-fc1fa10cf748,0,True
34460621-2a44-4f93-b9a2-9949f6ca95f4,1,True
6c139b84-85fb-4e28-8550-7283f4e83cac,2,True
227a7861-c50a-41c6-b727-efdcfabd19d7,1,False
48a18b84-9c59-466b-b015-3ac74a35336c,0,True
5ab6d44f-c310-4db3-85dc-10cb2ec933be,2,True
0d461b82-e0e4-45c4-8e4f-bdbcace5fd8b,0,True
24eb1624-2d8a-4779-ab0a-43e26ef89117,0,False
d8f0fbf4-1120-4ab1-83bd-f95a5c0f0aaf,0,True
1cf9b3a8-a114-43b4-b6b7-38269e8b47a4,3,False
8c969b3b-ac30-4785-8320-84c29b0c5b2c,0,True
c22036a1-5fd2-4ede-bacf-e7e3bf96aea3,1,True
f502dfb2-9ce6-46f7-bb19-0f7ae27dbb22,1,True
4d6434ce-1376-4d0d-85c9-af2fa5c1e201,1,True
53048f3a-5fb3-4685-8169-6ee4bf20835f,0,True
045fac0e-adfd-4ef5-ad3e-a9044a1d46ea,0,True
36ccf8db-a0cf-4c66-b17e-b7ae820691a0,2,False
417b2678-3fa3-4ad4-9ffd-2cd2656fe750,1,True
73e3e19a-0e8c-4896-927b-bcdcb0674a31,1,True
3a17caff-a3b4-44a3-854a-94d20e60b82a,3,True
09c4dda6-582e-4437-aa43-a534a1a617c7,1,True
2addb4c3-922f-4392-8bc8-71b76a74795b,2,True
ce3d0ed0-f55d-450b-9577-774bd62a1ef3,3,False
184dbb33-4e56-4d4e-98a6-e0f3bd706256,1,False
4cb67621-ec15-446b-81d7-052e75474dfe,2,True
a37b4ade-b25a-4a15-86a1-472960c7c410,3,False
59fe0a03-e8fd-42c0-b6d6-9ab3c77e7632,0,True
966159b0-6a0d-4bea-8cfc-de4c5e6b77df,2,True
9d7928c2-6fb3-4075-b435-8f8629551b26,2,True
234e2eb6-3167-4e58-a4af-755fb9fc0906,2,False
f40ae3ae-44a7-4ed5-9ab4-7d9417e5e2dc,1,True
ae1b9048-e61f-4a65-a7ca-f2263476c8df,1,True
0a7e025c-c13c-4ff5-a9d7-2b5ae74ed1c8,2,True
a0cd3131-e5ba-4632-b799-20ed1bb1c007,2,True
c7c190d6-4295-4d58-9059-da46ef2c9d1c,1,False
e7b80c22-2358-448d-862c-5fc365cd0cdd,1,False
a284b522-3156-437e-9a7b-04bf1609ca80,2,True
131d035e-12ed-4042-9e5f-d3333536f469,0,True
77fd3bb0-93de-4fcf-9d13-c789477d336d,1,True
82cd5f03-4e33-4b57-987a-2642d1880729,0,True
bf3876cb-c65d-47f9-a545-f7e31ec4a275,0,True
691dccd9-13dd-4242-b7d6-0766b561e8e8,1,True
cf43945e-d51c-4aae-88bd-53a74778d9a3,1,True
f08e432c-9327-44d9-87c6-11b7f68c0975,2,False
c21ee7bd-dbe8-4524-bd84-e9076ece8dba,2,False
6e95c0b4-e26b-49e3-9f45-0d4018bb7fa6,2,False
7b849136-909c-4c2b-989a-fc469fbba717,1,False
ecc9eb06-af56-4e63-ae46-d60cedef6ca2,0,True
73c666ea-2693-4bc7-829f-a8e794500f0e,2,False
df3ecdad-c880-4132-b91c-1b26581e8734,3,False
6618ed65-20e8-4996-8826-ac3d6abdd2da,5,False
e47a93c7-2598-410e-9eff-4079510843a5,1,True
f4fbe8f3-76d6-45fb-ad7a-1e7ff601a01f,0,True
32b91931-4e9a-4166-bc61-aeaec4d6fff8,2,False
f532833c-c4bf-4d6e-925f-40a339a6558d,2,False
b0acae87-4830-4022-b228-cbf6eec36781,1,True
50ef067b-2414-4053-be08-970d3c454345,1,True
4e353585-2711-4b90-a15f-6d2e06edc81b,0,True
e7a43625-f30f-4030-b6f5-32afd40cd84d,14,False
8c8ae5d2-5d5b-4df7-9651-efd7e4e7d97d,1,True
336454ce-03db-42b3-ad0b-09896dc2cd38,1,True
26548b48-871a-4382-b776-8de70c0abaaf,0,True
ddd8aa8b-1553-4f28-b363-3965052ba6c2,1,True
02e7562c-9103-44aa-9f6a-12d5b95b950c,4,False
076a911f-8094-4e40-9dbf-14e37c95cc5b,1,True
15f7c239-60b2-4701-9a74-ea71e830626f,1,True
76802f28-cc75-4d2a-a78f-af52fd966113,4,True
0961f951-e566-4400-8ee8-1ffec0d13f51,0,True
0e630935-cbdd-4f0a-acad-1dc1d4fb1e71,1,True
aa0a256e-089c-4bb3-9c8b-41587efe415a,1,True
ca2b8678-3535-4fae-9666-be5f9a8280d7,3,False
8acb9765-2617-449b-94a9-3d4eb4b3ae56,3,False
5895adbd-219d-44f2-ba9c-48eb035d8c27,2,True
ff657e2e-ddb0-4d57-9f09-ca2ccf19c043,1,True
184bcecf-3773-40b8-89e4-51569efa52ad,8,False
255e43ff-3aa0-4a84-a66b-069d5efceb22,1,True
1b55468a-4fe5-4102-8ba3-6c158e193068,1,True
62135ba2-acb3-41c6-9789-b058926add42,0,True
7405bb19-aeab-4d3b-9636-6fcea2ad4853,2,False
8c015b7d-37fd-4c71-9b4e-1ddbf4f10132,3,True
d5e1bd5c-49a9-4e42-a962-0804053f9053,1,True
bcfa1b84-411d-4800-afb5-d9efbb2f94cd,1,False
291d5bb4-c703-4b33-b36a-750f16165646,2,False
2c7df2e0-b46b-4b73-aa21-0ff43e21edca,1,True
9acf0a1a-c57c-4399-913c-bd8fb1cde94c,1,True
febeded6-d7e1-4a1d-84a7-2f7b0762bc62,1,False
2fb6f774-ee77-4fc6-85ca-63a62e913756,3,True
775b2164-b54d-4276-aa7b-2c12593789df,0,True
d41c58c4-8ec0-431e-8abd-ca4f477d639d,1,True
73101eb4-ce7c-4400-8712-a9726e5ccfbe,1,True
6566d9e8-8c45-4d52-96d8-5ebe81584ad6,1,False
34fe8eaf-4874-402a-8161-c1ce288e2d46,0,True
b3e49194-85de-4364-ba19-c4f7feada320,9,True
686c2798-af3b-452e-9f71-ed32e81e8800,1,True
2dc9c166-b9c7-49ea-ba55-2b3e4ed46b6a,1,True
c3e3cdcc-029c-4970-af30-d10a0cf419e4,2,False
57ef176d-a3d5-4d8b-a306-c59c32c82393,1,True
a6d9ce11-0265-4229-bf12-c6d9758dadc6,2,False
34dac0e9-0efd-4a7e-932d-6aa753830d05,2,True
24a9bdd2-d848-4be3-8caa-63f5fff2ed6e,20,True
414edf13-959f-4c7f-9a26-6576694ec543,0,True
2b64991c-5b16-40a1-b7d4-cb6f98f2894c,1,True
a52eda5f-bba0-424f-93f0-51e7d76bbe6d,1,True
edf80576-1210-4b72-8eda-3bccd4f511cd,2,False
6f7cd6ab-642e-4d9b-b0ee-5aa49e5019e8,1,True
5276b2ca-5c5e-4c64-9f4d-72ff26a1eacb,2,False
79fbb812-e5a6-4c62-9bb2-bf281317f5f5,1,True
bda8c8b6-e5da-40f5-93c6-3c4d3275a5a6,1,False
b3d09abe-8060-47bb-be4c-cefe6a39615f,0,True
190f4694-fa93-4c22-92e6-cfa207bcca49,16,True
ddedfbfb-0cb7-42a5-a612-e2a2a015e94f,0,True
587054b7-1ceb-482f-b25d-6ed32cc325a2,2,True
2fee8b3d-4196-4c0d-957f-dfac38a43a94,0,True
c72deacd-f7ff-4fc7-a119-a7e93767314f,2,False
c2747c50-11b5-49f4-9e09-c1251ba2dd6a,0,True
d96c5b42-bb1f-4acd-9db0-090f6dfdf772,1,True
216f6b9f-7546-430a-9dad-bc2dc0b9489d,0,True
f0ed8c9a-1d37-4f96-87d1-a45a97daf8cd,2,False
03e3f457-616c-4c56-a202-363f267725f1,1,True
a36b4588-e52c-4a2e-bb5c-d53cb4f48810,1,False
561e4fcd-6bf7-4915-8e98-f7344e772e3b,0,True
f33e2fe5-70d3-45eb-bf5d-ea85bcdaa1ed,1,True
e18c3997-16e2-4793-976f-cdeb6a6fc9bb,2,False
f02361fc-4372-4837-977a-cc56964b7f34,4,False
f85d09bb-d810-4120-91fb-e5c193b8c9c7,1,True
76372fa2-4e13-4411-b20e-ff365bfa1c5f,2,False
386c154a-3256-4aca-be8a-d3078189a759,4,False
5b7c96ba-b158-4629-8975-7ed0092dc14e,1,True
99a8520b-073a-4551-ac62-e9eed5d7722a,1,True
b3811351-36c9-45a4-b85e-831f940f522b,1,True
95961a74-27ed-4c75-ad60-dabc9a803c2b,2,True
6918ef76-402c-496c-befc-070acdaa9c58,23,True
615ede1f-9cb4-453b-a9b4-2960dc6bdbdf,1,True
a1d6691e-d807-420d-8e39-50b87bbaf62a,2,True
b8beec52-354b-4a09-9e7d-cca40f22b426,2,False
6f500983-d04c-4f09-916b-8dda6615f641,1,True
23fa5a02-0f2b-446b-89d0-465e8dfb8a1a,0,True
44f14b3c-02ee-4520-9d9a-8223cfbc27cf,1,True
a578c1c6-5fe9-48f6-8262-eaf5fe80e925,1,True
dc6c99b6-3aa7-4288-9c19-fe7ffef3f9d6,1,True
3eefe8b2-6e65-42c6-9ec4-3fc2dd04fbb2,0,False
4f3985ad-c420-4ac1-a13a-d6719d79ec54,3,False
1d649b78-5caa-4c13-a0b8-7d5e4590e41f,7,False
4745a70a-94cb-425f-a9d3-8006fa18f87b,3,False
792885d2-4a86-4d6e-b3cd-a0c4c293e891,2,False
e1c4b6ac-6189-4d6b-a942-2d120114a81b,2,False
6cba1c9e-eef5-4fb2-9514-abf7ffbd841b,0,True
7850dc01-661c-4355-a9f3-8783cca2da76,0,True
3636f7c9-d37e-4ff7-88a7-3f14b10143c0,1,False
0a4db74b-1f9b-4b88-b717-5b574e5d6ab4,2,True
e9eff142-0a91-4114-a7a0-eddfdeb14491,1,False
46e932cc-7257-4975-92be-2c033b9c8156,0,True
45f2d9b0-a634-4ee4-bd7d-25bd3c489962,4,False
e21d01f5-a60f-4e6b-9075-b959a0571638,1,True
334502f6-6d61-4274-99da-a4f283f3aa24,0,True
11f46154-c3d6-4ef7-a822-332c61afdb7f,2,True
76372624-980f-4d00-8772-a92c3f8d936e,2,True
41c48fe7-8d2d-4857-9f36-c66e61984fc2,0,True
bc49d6da-4d84-4107-a21f-fddbeab3de4e,1,True
2b33f4d0-6202-4d2b-8296-3ab40d0e17e3,1,True
912c80cf-2a58-4bee-bc7c-a4e10cc9af3a,1,False
0b28988b-d0f4-481c-a023-4e19fde73138,1,True
d09930ef-1543-4233-bd2d-229b8317a3e0,0,True
da2ed930-84d9-491e-a38f-a2f6a6ba7157,1,True
f3528420-1190-4bdd-8620-d48e7b3c090e,2,False
2a72fc43-d08f-4ff0-8fb7-945bef4ec53e,3,False
e2437879-478a-4d58-b0d6-d2fc643ba7c9,1,True
eb4a7b7e-4f36-4c1e-af85-7c5566d9fac8,1,True
e6d476f7-b3f3-4c9e-a6bd-402e1354e2cf,1,True
e6280c1d-2d94-4396-84fd-052c4fc8355f,1,True
a340461f-f5d7-477c-a768-79a14380dfcf,1,True
d54c7bea-b6d6-4e08-9596-193f8cd8fb89,0,True
2e5d65ac-57cf-4c4f-8852-a121a5eeae0b,0,True
6b8cacda-1d94-44b7-b9c1-31cef8d9a29a,1,True
849fd6b7-a6e6-45e9-a777-02bd55853aeb,0,True
1901a636-446f-4d9b-ac3e-290c4c744192,1,True
475c59dd-2170-41df-8f19-3f0d439b5e6e,5,False
edf0bc41-8024-4ad0-99ff-bc033fff1d5e,4,True
8bb3536d-a315-469f-8d4b-ba30f5fc5650,2,False
a8e1949b-77ab-4412-9705-afbc7275e20a,1,True
b96cb3c1-3f64-4d34-957a-f387f54ccc5f,1,True
39cad432-e2e8-4c95-9229-e93577cbffaf,2,False
b5d2086e-edb9-4f9e-a768-dec5a5392d6f,11,False
db7b16ba-806a-4675-8757-54337cb9eb0e,1,False
01377f71-94da-4c34-a63b-8a746719eba7,1,True
e1203588-ba03-4c4b-8839-7087d3eea208,0,True
3171ce7e-1517-435d-a782-87c8f5415cee,0,True
4126135a-2f2e-47a4-82db-8f0276356238,1,True
800474ca-bedd-46eb-a646-274584ef931b,0,True
fb687f6c-2d5c-4a2a-81c1-2533de846440,1,True
3bfd383f-fe1d-457b-8f37-28988980e4a0,0,True
daba48ac-62ea-47ee-8936-4ad5271501bc,1,False
41b3c477-528d-4a3a-8f79-e0e392b08040,1,True
097a1bcc-f209-4d51-a6c8-720abc2ec642,1,True
fc26606f-317c-4665-95ea-bc714f9478f6,1,True
29ed659f-c185-4db2-9eb0-0e0f814d1795,0,True
1c7ed1d6-e5a9-4972-991a-11889b3417b2,4,False
780b74c8-81b6-4909-8aa2-ff13be10c715,2,False
dd69386b-0b69-4f2d-8303-613f666d6969,1,False
85b73b25-4f29-48fd-bd38-89669bc04b2f,2,False
2b42a9f9-ddde-4ce1-a443-74a5ccd6ae80,1,True
b155cde9-56df-416c-ab4b-1a17321d4062,1,True
f0858484-92c3-496a-92ca-63359855509a,0,True
00936874-b573-4e81-8599-263c9af56fb8,0,False
bdd2135f-6f5c-4555-bdb5-1b72021b5f19,1,True
da92c8a3-e30e-4a0f-9c8f-10ad45805e75,2,False
6dd37315-f581-4f13-9dbe-c54593982acb,0,True
10e28864-c402-4dc7-a986-cac5deab1491,0,True
11b37bbf-8d85-4f53-811a-475745d96e96,1,False
3ffdac1f-e3f7-478a-8030-b2699d228277,2,False
6bb48f4a-ac33-4008-b7f6-77caf5db6098,0,True
a8883e81-39e7-4f2c-bc40-397ea2a73efe,3,False
3359f0a7-07d1-4e8d-9116-f33db926c9cd,1,True
519cbb23-cc21-4729-80d3-5eca8f80346e,1,True
a1cce227-55fb-4936-ad1f-4d1423cd25fd,6,False
c878a942-d220-415d-9f95-3b1e9435cbb4,17,True
8c8ddc13-9024-43ac-ba4b-a508c4fc36f5,1,True
f3b68fc6-8f67-44e3-8532-7aa74676e724,1,True
d0a5e729-9e4c-4728-852c-12d8f1287132,1,True
ab384569-3292-433f-bad0-0512cc963f57,14,True
9b86273d-2412-4eff-b67c-f3415ea66138,8,True
1ea48afd-40fa-43ca-bc02-971efd7ba016,1,True
381e4998-9fa4-450c-8d72-01c1ce01dbab,0,True
921d8724-c004-479e-8ee9-df70819b1866,0,True
036e63cf-540e-44e1-91fd-7b0dcaca731b,1,False
17c793d4-903f-4153-87d6-7e7937ed1561,1,True
ffd3629e-2be2-4a5c-a1c4-6575a8d3b9b8,2,True
43be1f8b-7fc0-4f88-bf51-7d17fafd7679,8,True
d1baaa34-7b85-46e3-b92a-6296091f6b42,6,False
f98276c7-7603-4870-bc80-d22a34fc5d62,0,True
489af81c-1589-4008-8618-8715ce5b2dce,1,True
de66e602-b276-40f9-b337-1b0a6d62a52d,1,True
75175969-fcb1-488d-9932-0bfd4884015b,0,True
70e328aa-cc81-43c7-bcfa-79131a0547a1,1,True
0369be9e-8639-410a-89c1-7bf7274de9eb,2,False
531bb97f-b5a9-44f0-aa5b-83a6db58b634,5,False
68476465-f0ad-400c-a8fa-0cab2389f231,1,True
75911e6b-9052-431e-93d1-8b011dfe0701,3,False
3bfa2c07-d16b-464d-8c15-7ac09de0ddea,3,False
1ef51ec7-c14b-4a3f-bd1c-1d9176af6dd0,0,True
11d99c2e-efd7-426c-b4bd-9a25adb05ae8,2,True
6e683a97-889d-4266-8608-39c8f12f75cc,1,True
2f2ea811-0d53-40e8-a51e-b195736c98e8,5,False
977650ac-7d38-4dd7-97d9-593299ae4930,0,True
2128dd6c-b542-4c48-b304-778fbe2d8f65,2,True
01c3f5be-7890-46f4-9fc7-8f41d7983ecc,2,False
f60f8d5b-f7d8-4c5f-8b7b-b6eac4fb5592,0,True
4a979849-1203-4473-b89c-d1b9d2a99cd0,2,False
68bfad1f-998d-4355-85c6-ae226e90e4bb,14,True
857f3367-d410-4eda-9322-9b5c2debd1a1,1,True
0358b0b8-2e7e-48d7-a194-6e9dee263cda,19,True
e6958e46-c027-4931-8ac9-8a7b130ef29c,1,True
fe2ad73c-f591-4234-82fd-1998b7e13ab8,0,True
d3da1184-9152-4fe5-bda1-20c131702ba4,2,False
8261a51b-3deb-4964-8a4a-ab6ee321e399,1,True
d9c0e3b2-82db-4e5c-a32c-31592800623d,4,False
e657d1b5-d8a3-4618-8bca-89eec852bbaf,0,True
84e735de-0d8a-4030-8587-2e6113dbd3f0,3,False
1d349d9b-c51b-4cdf-9a7a-9eb34a841faf,14,True
433b1246-e3a8-42ed-b3f5-57b5cc0b0edf,2,False
fc7aa789-e1d7-403c-8c23-9a3122b5c85c,3,True
7bf4e8e4-af9a-485c-80a5-e16abe856e67,1,True
f1de21cd-bfd0-4f58-b5ec-ac01eb7b3f0d,1,True
1a073a89-cc7f-4965-839f-95eccca41a1c,1,False
de9085e5-1c8c-45f3-9ea8-414edf1cba1b,4,False
82be2556-cdce-4afd-926b-e195ade5666d,2,False
d939d294-5903-42cc-8b55-00fe4ac19afc,3,True
26c3b3bc-0949-4bc3-b3c8-651a6b8d0715,0,True
fe0f6767-e55f-49a3-b1b7-50617f3c44c5,0,True
45815b0f-24ec-4a21-ad02-96c80d469f17,10,False
13c83edf-6cfd-4617-9555-11cc5c2bf941,2,False
98dde7ef-6dca-4ba1-b4c7-25687331aa98,0,True
b28036f3-c4df-4908-aa87-880a4b807ddf,1,True
4d4ffdbb-cfa9-42af-b293-5ebb41c21c47,0,True
f64a9191-a8bb-41de-a7cf-44fe2b7a14c1,0,True
f53ebbe8-d7bf-490d-84ce-680cd6945f02,2,False
1fc86453-f7b1-42b2-8ce2-7425907e15a4,0,True
49465e60-b085-4e10-908a-bbc72c2baa65,2,False
cda2e13f-c6df-4e00-9665-ce7358cbe6de,1,False
0cf3f924-3af8-483f-895e-d96f26c33d9a,0,True
3bb8618d-dede-4914-b8c3-802f50d4b970,5,True
87c63592-cb8b-4d08-8f02-d5b4089112aa,2,False
d93657d9-4790-49c4-af2f-ef4fc087ac7c,1,True
c727de04-9589-4af9-be62-af4f44f3cd8a,0,True
7f10938a-07b9-4243-bfea-eeb626467609,1,True
c0622145-239e-461b-ac1f-e2d63e875f00,0,True
a66028b5-a4ce-4735-9c48-41aa8a15a2f8,2,False
bc731ca2-86cb-49c8-8833-5faa93125007,2,True
d3c6969b-8c88-4e73-b7d3-ea02f7d08071,1,False
96782488-33c1-43ce-b67a-ba4a89e4f344,0,True
e22b1f98-b17a-4bb9-9b6f-0a1f147a9e91,0,True
43add4f4-c0e6-44f0-b069-6f3f3eef56b6,3,False
ee832e97-38a0-40fc-ab0a-6c27da9c3ea6,0,True
759a2393-31cf-47c0-8875-f6a9f379dd9b,2,False
d77f583d-dbad-401e-abb8-e2d2d2f634a1,3,False
ae940e9e-91a3-4d4a-8d15-ab2fac6a6d3c,1,True
30f82180-c941-4c31-850b-8c0a7cff7e52,2,False
581a7740-a8ff-4609-a1ea-82f471a249af,3,False
5109a3d3-c6b7-4b88-9c81-388d790828ec,6,False
a86bdb97-3e4d-46b5-bfae-eff3d5c9f3b9,0,True
f9ba53e1-b94e-43d8-a98c-7ebd1834c829,0,True
0a3a9253-b1c0-454e-93d7-f6ad9be31f6f,1,True
4314506f-cad1-4f8c-b621-97968890318c,3,True
a3536591-41d6-496b-8853-d5cadd657af1,0,True
e06abf2b-24e3-447e-8ebe-906b7817deca,0,True
85011026-dff7-418f-b8a6-94ffbbda4898,0,True
efc1b67c-00ae-4021-bab5-bd01affa245f,6,True
a6117267-be1d-4045-8d4b-781cdb5f8559,1,True
46883e13-2abe-48be-911d-322f5657f64d,0,True
c2664e93-2800-4842-9d43-5e35bf7171ed,1,True
0bf2a9d9-a40d-4c45-8983-7237ba00b235,3,False
fc80ffa5-1951-43ac-ac93-632db7efda89,2,False
8d934355-da5f-4d2b-8c92-2840b029347e,1,True
33bab11d-62ff-4270-8d87-80f4d132c53c,2,True
7bb4f777-f07e-410a-a122-9eac902c12b0,1,True
0f969bf0-4f28-4a7a-8f8d-367b3b68431b,1,True
142022aa-e6f2-4cd7-9acd-5c8566a52157,2,False
a8b504ab-60c9-46bd-b392-57c1a5739085,2,False
184da9a3-2584-4c74-8701-16f3d7489847,3,True
558a06aa-3360-4205-8878-4c6075a181f1,1,True
7e0ea009-c7ce-4272-b92c-913fe69904d5,2,False
7adaaa75-8e8a-4028-9d2e-7396115852d9,0,True
14cc6cc4-1ad3-43b2-9bca-659c2b54bd89,5,False
b9dfecfe-19f1-4db5-921d-573afeef679d,5,False
9630adac-a602-4b3b-adc1-4ce695ab3243,1,True
c56564f6-3e72-4c33-b8fd-874f409b3b61,1,True
d9576691-8eed-4a30-92c0-8f9c39a79423,0,True
4bf0c2b2-6308-465a-9094-25ba67aa17f7,2,True
76dd9c96-747d-454e-9729-ceec46cef4a0,1,False
d0d0267a-a526-4dd9-95da-49898e349db7,8,False
0a498f42-0261-49f9-a539-b1cf3c414a76,2,True
fa97e3ee-a622-4bd6-9b23-edd928a96b08,0,True
feb829e2-0b4c-4031-8d83-8b060f0d60a1,4,False
e2800e6e-7d58-4ada-ad74-7b8b22ec4d8f,0,True
33b23024-0c1a-42e2-846a-7ca883359153,0,True
2acb0694-a6f0-4170-8cc3-43c734402c4c,1,False
f0749918-ec9d-40da-8e66-7ec12097f05d,15,False
9ea1e9a9-f1d5-4eba-9051-4e30ff548e61,1,True
957b298a-2f42-46ff-a9f6-bd77098508ed,0,True
8452ac1e-9623-4c8e-9eab-98a6b6752f75,0,True
7d340aa5-2ad1-4d2f-b2c6-f5583c68949c,4,False
f9079fa8-3093-483c-9495-1e3578fac722,6,False
daf92cc1-0cfb-4229-a7c4-a8f629cc20c2,1,True
2102e0db-ef4b-4a94-a446-5ff364c58a81,3,False
d4f52288-2044-486b-b74a-b2ab5a38fdde,1,True
17e3276b-8ec7-49ae-8413-da5580c34dfa,0,True
6d405f89-3421-4a33-9e8e-e20e65f6522b,1,True
a4346617-dae8-4679-b092-c9898b514de6,1,True
a1ce6eb7-abff-429b-b1f2-5ca74d7c6f94,3,False
218415db-c702-4d04-8556-eee0315ddfa1,0,True
88b84b1a-cbc6-45f6-9ca4-3dd5077b32d8,1,True
9d0162a4-53cd-4055-a805-a1e43da58a92,0,True
89669264-247b-4f1e-b780-50d6bb3cea47,1,True
00d7cc87-ec96-4276-b2c3-9b3f80d0dc75,1,True
5e359645-f14e-4cfc-b57a-f6dd965134cb,2,True
b8fbb209-6edb-4f10-bfb3-0164dd6d6b31,1,True
17f8bd2f-a725-4fa8-9c09-3cf36fcbbbf8,1,True
19c9be5f-2440-4027-9bad-7dd47e3f07f3,1,True
dee93d3e-fb1c-429c-b766-d38d0648a3f8,5,False
485c7a42-6724-417b-ac45-a2f1cf79f557,2,False
3b075d29-889c-4309-a7c1-f8853501533c,2,False
7b03c4f8-a410-43d3-b497-b59387f3bfeb,0,True
d8b498f6-0560-4e92-b7f2-5216216a35f9,2,True
f2c9c58a-cfc8-4cf3-bf01-fc25883f321b,1,True
e42ca316-0f0d-4fe5-ba92-2a7fbcd580c8,0,True
5c07d57b-d035-4eb7-a71b-ddbb7d1300d5,4,False
bc936776-1e59-4e8d-9e74-bdfc32451572,1,True
8145add9-7f92-4c7a-8a38-804509c64588,1,True
ad66064c-0e10-456d-a54f-4fffb07adea0,0,True
baff1c15-eaa6-445b-91de-383714d0da8a,1,True
631d73d1-1f05-41f3-936e-d8fe00a79595,1,True
bb984711-92d1-4fa5-a0ea-b94bfdd844bc,1,True
81d748bd-328d-45e6-ad67-464bb7c7d01c,3,False
d22ed878-9aab-4a6c-939d-5b2416a9f570,1,False
2738d347-8e1d-462e-9039-96e20258d3f2,0,True
3f979ebe-4d66-48cc-86ba-19ae4b134bcc,0,True
6f70eca6-1cab-4cef-b1d1-b05fb9076986,1,False
f42d29e4-f655-4951-981d-a1c92f025200,0,True
c99ff008-716a-465b-a9d2-ea3880567346,0,True
201c6d73-02d6-4e98-ab04-a7dd31d830f7,2,False
79d7ca06-0935-4ee7-84a1-0f9e2d918fd8,3,True
3eb78353-f195-4df6-9aa8-d8e31c2c021a,2,False
b071b696-0be8-4558-a8ed-2523575aa74c,1,True
5d9041ad-b616-472c-8bf3-ee33403c89ff,0,True
63892a56-8ca0-4722-8871-bca73d4f58a0,2,False
377378b0-9abf-4a18-a0fd-7f35e4a3cc67,1,True
b3896a6f-f040-4e45-ac76-08fd525bd471,1,True
6dcca174-ceeb-44f5-a9d5-6fc07cfadcad,1,False
3cce2651-0971-4d7e-b0b2-4c1ae127b695,2,False
966acf49-3f80-483c-9519-14fbff8448ce,0,True
e51869de-1c68-4ecf-88ce-382833216a9a,0,True
d2a47691-d902-4edf-9c2a-ce6e9581cc22,1,True
6658e474-da56-4d34-81b2-61bb2ffb7aa8,1,True
0059da14-e86f-4c36-aa09-8f0bc5c98c13,0,True
b3222232-5850-4643-a957-b9b61109cb25,4,True
6ab9fb43-ca1f-4eab-b595-1d84e0c719e9,2,False
8065f260-ece8-4952-9b02-7cd5d18734f2,1,False
afa6f83c-b6e2-4ddf-b8cf-f7e9db94eb76,2,False
5c39b405-6905-45cd-a69e-d38c2d4a0dfd,3,False
dbfc8627-b9ca-4f02-82e1-a501ecade67b,1,True
466e1433-9dac-4411-8286-4fa2b09ef4fe,1,True
4ec9738d-9302-4d9a-ae68-0255165c0de8,3,False
e483a3c3-665e-46dd-b584-07f9a6c67998,0,True
749f9564-d4a4-4367-954f-17fff5b9f359,0,True
24e852b7-e150-4e13-a507-69555c4c86ae,4,True
880373e2-ee1f-4f46-ba50-a2e3596717b6,2,True
8ef80970-b59e-4205-9824-a1fdc0051da3,0,True
9b785f71-835b-4f20-9cc4-053ee025c694,0,True
b73c6c3d-869c-4fda-81a5-c852dd067e9c,0,True
72efa3ef-7751-4d18-a89b-385516d4c97e,2,False
443ffa50-08b0-4a0c-99a4-f32c3562cc42,1,False
7bbb0399-e920-4934-9b1a-d4ea42749aed,1,True
32c543ec-021d-4c06-97bb-69bcd9866d1d,1,True
86dc7045-f177-45d1-839e-7987f69e8581,2,False
c98b9a40-f68b-46fe-81fe-b7c62ca033db,1,True
eb13f5e1-cd9a-4d9b-9921-bafdea7d76c9,1,True
265f56c8-76ff-45e7-a3a2-7c3a23297367,2,False
1e112d36-c35c-4dff-a07c-666a692d8cb7,1,True
ceaa9caa-0b99-45ee-90a6-b75530adb2c3,1,True
a9e79cb4-35fd-46cc-83f2-58fa35cc2e3c,2,False
4eb45561-ef83-485b-ad65-b99553fd4b69,0,True
45570b8d-29b7-40f5-85cd-c9a82acf9ba6,1,False
9b233215-355f-4160-a929-ca0ed4802758,2,False
43b819f3-0bc9-4c15-a2b4-f6b793c30cd5,2,True
5d053a78-cedc-46b6-9f65-6a623e4ae132,1,True
c2e248ab-a064-4f3e-b29b-8bf2b13b80da,2,False
921cee2c-a552-4128-aa5c-e991757f4caf,0,True
e513c445-44dc-4c8d-900e-de6cdb4ecf7a,1,True
1805cb6e-7765-4d6b-9b86-4e262b3de509,12,True
c4c526eb-c754-4d14-a3c2-c7256d4addaa,7,False
14f60d96-bae0-4994-847f-4a1daae92260,1,True
4a752a1e-ce0b-4f12-b4d4-96545bf13f98,2,True
56a44e88-d59a-40d4-a5c9-867ee4e1290f,3,False
dd183aec-9548-461e-8ab1-5e6ca0eeb04c,2,False
35d4638d-979e-4387-a63e-2e458f18ab59,1,True
40b0b27d-c555-48ea-ae29-398a5f8a82ec,1,False
ef483f2e-d14d-4f98-a3aa-cf9fd74bea99,1,True
87b5da02-6a90-4657-ac08-c8a751656f64,2,False
f8f3a821-0830-425d-b89a-39718a815d8e,1,True
bfe517c1-d462-4b25-b802-fe714137a63b,1,False
82b6fba8-27ea-4ca1-bbae-3501623691c1,1,True
6c300365-7622-4cb2-a403-b2fcd4a010f8,0,True
b08916ca-6700-45fc-b6f9-25c31d24013f,1,True
72289451-5dd2-41be-ae92-526cad4399b1,3,False
f6fff3e0-9e86-424b-bb33-5225f9fd4ce9,0,True
e0e6b927-fd4d-4b9b-86e6-2fa4ca9bcee8,1,False
8acddaa2-3dfd-4851-a236-1066291e15ac,3,True
cc937c7e-a579-4a1b-8c20-07cd9a81c00f,1,True
aca88e06-75bb-4434-bdf8-e51e34270992,1,True
f5cdf8f1-aaf3-4355-aa20-d4ef88db9375,1,True
20400374-b6b7-46e6-89e6-688992aaa0ca,1,True
3fefa028-af39-4e13-b49a-015356dc380e,2,True
870fe74a-9e7a-4b24-8bd5-3116ff179557,0,True
17a09449-1326-4892-8388-6ef0c3b3b8b2,1,True
cdfc7f83-ef8d-4882-bd8f-c36526dbfe7f,1,False
253483f0-bd4c-4b22-bdd1-3cfb700a9450,2,False
0f25956a-5ab0-4a72-a9cb-274b021d3c2a,3,False
1f336b20-671e-4d18-8353-6ac0b4003db6,1,True
0622fc27-a1cb-4f22-a569-97db14f45e4f,0,True
a0d52ca0-e402-4ab0-b9da-a8b4f408dc3e,1,True
5fa21a58-21ae-48c5-8101-af62da7f45f6,2,True
7cb81596-283b-4e8c-b163-5180e07e8960,1,True
3042979f-7afe-44ac-93a4-80dab0bae8b1,1,True
02278cbb-88ef-4e3d-a852-8b5d7642e176,3,True
f8cbe48e-df6a-476c-935f-a39031c8cf60,17,True
8797a462-66ed-4e0a-a4b2-2a5ca7b07b70,5,True
8b8a8cc8-e083-457e-b6ed-f575af54687c,1,True
858cc367-6f73-43d5-be88-13cf56aa2fe9,1,False
f66516a9-9d54-4a0a-a332-71b216f5bbda,0,True
9019e9b7-221b-4605-8a45-72487988bf4f,1,True
cd1554cb-8832-4ba9-81ee-3446169b14dc,2,False
214fdb77-9ec8-4edd-9498-0d3736994fea,1,False
3f1eb707-f9e0-471d-8630-5d59c54a4e17,1,True
f5341f2a-ace4-470b-b3ea-319d1b0d8c5f,2,False
2c9f6d37-ba22-4d0d-9d83-6875f8ae754e,2,False
59a3d9f8-f1ce-4cd9-b008-fbb6584fbded,1,True
43b6c078-2120-417b-939b-f1bb850f4c27,0,True
865db046-8069-4335-a600-ccc69a533a98,2,True
e0f4a71f-140b-4c3b-8d2e-b5ee0f05c160,1,True
02ad7f49-b672-4f4b-935e-81b3778c4439,1,False
1daad879-30b9-4543-801e-b40d14e01e98,2,False
28eb09bc-3e08-4710-aeb6-050410f07da5,0,False
717cb34e-9b36-4c5a-8d7f-b8848d234840,0,True
541f8295-9c5f-46d6-9ae2-65ef1e3a7991,0,True
cacf0463-24a4-4316-9d8d-8b4c7ff1e72a,0,True
290e31e7-e18f-4eb1-a1fb-a33f55e30821,2,True
34c63bbe-ec5e-4e53-9d3a-b8e8556ef5c1,0,True
6518c201-36fb-488f-8fd9-8ac2711b4131,4,False
8994fe86-1afe-4c6c-87f6-13547507a3c0,1,True
6db1acab-61d7-4c5a-b3ee-9a2e84d71c7e,1,False
a4113bf8-3bc1-4861-a96e-88970185b2b4,0,False
1e443200-3057-4501-9dc6-6e25af167a89,0,True
5fd7bcf9-8476-42ea-9646-c4390345a03f,1,False
2e7c19a0-245e-404f-8a4c-226b9bdb5efa,0,True
e4a2ee36-f432-4d78-9369-20f9a83ac51e,2,False
6c2acb5c-b8ca-4510-aa92-329a17ff20ff,2,True
25ae5b7b-449a-4877-b9f8-81eebfba1654,0,True
edf14493-5cd9-4bae-9df5-bdab78c1d63f,2,True
7217bd2d-fa64-4969-ada3-dfc87edd6175,0,True
da9c5827-b7cc-4568-8e93-7d355b0e5ac7,2,False
3e713af6-6979-49f7-b53e-3c630c62401c,0,True
e4647b6c-677c-4c0b-b444-775ab0c65c7b,2,False
922d1de0-9579-4b83-87a7-57ef45c7de18,0,True
1d8d7f17-41f3-46b9-9cc0-0b459768f311,4,True
a1e63512-bc5e-4d20-aa2b-185299e9ffa2,1,False
a305f51a-2f2b-44e5-8650-e630c1d44298,1,True
bcf35c8c-081c-4e17-bea3-f7cd2e2fde4c,1,True
20a6d79f-fdc5-4c53-a347-0617095850e3,0,True
b81dbc9b-d767-4581-a21c-17de2840eb9d,5,False
d7940126-b436-4088-b1e7-26f4d6f946d5,0,True
dab4c2ba-0ba0-469f-969a-e4f824e56712,0,True
be8cb960-98f9-45d3-8e48-385de738bf3f,1,True
44948c70-9b4d-4ba2-bc7f-5ccf0ad0c9b7,1,False
f6fa5347-3815-4a2e-b120-23f7b30ebbb7,2,True
85c4c5c5-70aa-41f9-aef2-683d494634bf,0,True
80c18f6d-1285-4097-a7b3-0d367fcedff2,1,True
14e9e268-8124-4b81-b0f5-d7b2a797dd3c,2,False
21a3a63f-213f-4127-a7e0-ca75de5dc733,1,True
3b4627f1-798b-49aa-a5fa-ef2c5df32155,2,False
697e28ab-6903-44cc-b617-0fc161795af7,1,True
564b3ab9-6b31-47ec-80c4-52793bc3fc8d,2,False
aa4e5645-10cc-4afe-8c68-5e7fba0630a5,3,False
f579b082-40c1-4f1b-a7b1-56c442d7bdb2,0,True
94b786ac-9983-40b9-b345-ec0e2c2f0537,1,True
317ef2ad-12e8-465a-982b-82c604c1f05b,1,False
3584c146-5859-4709-bc8e-01d97ed5bfa4,17,True
c5fa73f0-7d21-4175-be11-cf780e773460,1,True
8dba538b-209b-4a6c-af92-327a0ca56b69,4,False
d5298077-db70-4345-a7e9-9fc2a69f9a96,1,False
0ff898c5-284b-4b2c-a975-bc7744ae8fbb,1,False
eded0d2c-d07f-4fc4-ba44-a0709ac5fdf2,1,True
66170cad-c030-44bd-9827-656721c7fc44,3,True
d19f7efe-6a86-42ff-a813-9a01b63d0dab,2,False
acb0f512-e1fc-47d8-b40c-8ec2ed0ad655,1,True
51932d4e-5147-42a3-a980-ee8fb35f9a88,1,True
21cc095b-e460-4da0-916a-4bab7e0bf64f,2,False
436eaf5b-9d8c-46f5-a3ca-8a93cccced09_domain2,3,True
8dc4aec4-bdea-4b5a-8ab6-75fc7c45166a,3,True
d6234b80-9586-4fba-95d0-16ffdcfaffc3,13,True
a9bfc72f-6701-40ef-b063-48cdf9b78b8a,1,True
76177bcb-d2b3-4a71-8517-d46da6933631,1,True
6b09d284-b21b-4670-9fb8-ce680687cdcf,0,True
883204ea-8d05-4fdb-81f7-412cb5ed672b,1,True
e5ec8a47-3458-4d07-9d56-bdc4baec85eb,1,False
36a9553e-914a-49b4-b0ca-012edd751c65,4,False
c298f1c8-0422-497f-be67-0660a8305bd1,1,True
49992a7f-180a-4821-9cca-e18ac50f488c,1,True
8b7306b9-39a8-4891-9ab1-7230e5b02765,1,True
a732b714-c04f-44db-ad75-47698b579e3d,2,False
bfe12249-1aa5-4808-99a2-a63b44331517,0,True
70640e78-bf44-4898-999b-d0ae3f4cd290,0,True
e4c1ae72-cc05-4b86-b60d-acee22da258d,2,True
4fb4a098-2541-4e37-8e5a-ef3d50e2a5ae,1,True
21294acd-c36b-452e-bd9c-41bb8eb85012,14,True
0b537871-0828-46f0-ba9d-9b1571ea58c1,1,True
a3230c9d-8044-419d-b7c1-034eca5edb35,1,True
601f596b-1a45-4b28-a392-1564f31e81a4,1,True
7efdbf35-175d-4bf5-9b57-079ebdfdfa40,2,False
4e21f9a0-7195-46f1-8607-52b679d6e6c6,1,True
2b06f54c-ff40-4d65-84eb-1346a8976155,1,True
73f07db9-9219-4287-ab28-f65d6392d0b0,1,True
7ee987ac-5c8d-4b2c-8352-f818fd10887c,0,True
fe508bad-8c4b-4eff-b171-86b031db2fde,3,True
ef8e9122-3cb2-47e6-a9fe-3fe4dd4969d2,1,False
fc1ed757-5f5d-4d11-83e9-b4e86db33557,1,True
633b38f3-9ddf-4ef5-b368-b2e3ec44fc7e,3,False
7d5074c2-c46d-44ae-9680-f6021359bb29,24,False
ee8d403d-ca8c-4302-a08d-32197badf004,1,True
c3dc4a2a-b847-4c11-87b7-df1e403f4da8,1,True
6a6b4b05-99f5-4fd7-ab99-b7e719e1aefa,5,False
1f60eb1b-c881-4f2a-a9f4-db25278f97c4,0,True
e2c9f701-e6c2-4444-961e-dc00908855b4,2,False
cc2de4f7-2a45-48f9-b330-a9ce63d88198,2,False
be46913d-a8c1-43fc-a666-d865cd5d34d4,6,True
e2c5c699-d0d8-4e9b-a8c8-882c9560f746,1,True
690f56c6-f2ab-4dc8-9657-138d3063e787,1,True
2a069f70-da47-40c5-bfee-b9f8e09d0809,1,True
ab94c747-9f7e-40de-8014-3aabed75a989,0,True
a7d46572-59ba-4e66-9c99-02475f69d521,0,True
96ef0510-3294-46d1-90ed-640135ebd3b7,2,True
9a28be91-3bad-4544-9fd3-15374dda8e4a,0,True
3e1d9a7e-c217-4913-8424-477306bc263c,0,True
e4d1204d-612c-4eeb-ba9e-61c1efb30427,1,True
9a77758a-345d-44cf-a39f-a21a2e93ea69,2,False
585e4a69-440b-44c3-a0c9-bec2709c5ec1,1,True
c10ea0df-c4f1-41b6-b589-8d28096aeea9,1,True
46173958-3db4-45c0-a876-5da6eacfb3c7,1,True
92d9dae9-ee25-47fe-b8a9-9fde26a8789d,2,False
9076f8c6-6ac6-4d0f-8d47-d46f485b1b23,2,True
bc140900-5aec-4630-b303-1d19479c3a07,1,True
f46cdfd2-5cb4-4f4f-ac0e-dc30e2c0c049,2,False
9db89ca5-4a69-4643-abd3-a5b608d00147,0,False
82e3aba0-4d49-46b6-a21f-7c631918ebe4,1,True
ecb6e887-b6cf-42fb-93a7-e19742b94b62,1,False
1b0955f5-2406-4255-a3d9-e7a7461248b1,1,True
fae10415-1d0d-4b43-8466-cd758f979076,0,True
adb9ba1f-5afa-4629-a777-fa0934b322a9,0,True
c26bab87-8bb9-41b1-a0ff-d7dafa5c29d3,1,True
5b173587-1532-4c33-aa45-16a180d3a2fc,0,True
61fb6d49-3eb9-4d4d-8cb1-f99ef276594f,2,False
bde2447c-96b2-40e9-bc2c-8c83b2da3bf5,1,True
73b16c2e-8e60-4ba8-b65a-9556954a90bc,0,True
df26d60d-9b88-4434-b07f-96cf15afee9f,1,True
198ae7d8-3861-467a-9c11-80d4225e377a,0,True
cdbadbb2-2d4b-4c99-80a5-e84614994809,2,True
8b0b795a-404a-4e0c-b3b3-757e2cf58ad2,3,False
63bf5d81-5f8d-4510-afbe-55793dc6db58,1,True
268f2a73-3854-4281-8626-b90cf0d69efc,1,True
f85de58e-5638-43d9-bf49-9902704525f5,1,True
8296c1bd-2407-4191-9dc5-fa3529c4941b,3,False
d6d62bce-c409-4373-85e0-803be2708363,3,True
3cad5a46-2c5d-4fa6-a93e-c9ffdd1b6af9,1,True
ba5b0607-afe1-4cdc-88cf-4f67fa495da9,0,True
4ef33df6-0e10-47bb-961e-5fb271290f52,1,False
b1170144-8eae-4f4a-b932-cbf1649d2ccd,1,True
df476f95-f84c-48e4-8f85-f95e0d8ef1e2,2,False
a52a5ae9-18db-4d48-be2b-57cb837e2b4f,0,True
022df106-b9e7-4f23-9f63-5eaae5d1effe,1,False
b0b0f484-cea0-4541-a92b-6bc07ec97604,4,False
89e6287a-27f5-4575-a6c4-35881b61bc86,1,False
bfb9a40f-d7ac-425f-a8ab-e19398ef1b35,1,False
e1ca1cb8-6453-4729-9168-27fa2f41a9eb,0,True
9bcd3fe7-8ae8-4210-bf93-96e390a0e1e1,2,False
dae2062f-3bd6-483b-be68-b799b78ba557,1,True
9aaca28a-c36e-44ed-bdda-fc4b645c3377,1,True
e6970d86-cf53-47d4-94bf-de3a5456b634,1,True
4dc2753d-e422-4018-875f-38016ce1f04e,1,False
4fedb301-1fea-4c66-b3b7-38a3abaae2a9,0,True
887d92d8-c0cf-4e04-85e8-aed5ee4b0adc,1,False
eaa1ada7-2ee7-410a-bc33-818348423d2d,0,True
888d790c-8ffe-4c05-8638-2036e71457fd,1,False
f861295f-c4e9-4083-bcf6-557a1ae7f37f,0,True
8424582f-0ed6-49f1-935d-f6c6c8f3b4a7,1,False
b164f404-b177-4361-89cb-18a3386a4236,1,True
3850ba15-92b6-4ba0-ace6-cd4472fa6f8d,2,False
918c35ae-692e-4760-8aed-676b1fc49a53,0,True
0c37f94f-c397-4706-8d9e-4c6403a3876f,1,True
6912d2f9-cb65-4dce-bf24-95686ef00998,1,True
82af7384-b048-4519-98d6-d6754d805e2e,1,True
87a410fd-ae5c-4f54-8ef6-8a554bf4d795,1,True
c28d21b2-cd9e-40d1-9c46-a8ef63188285,1,True
1682080d-5843-47fb-8b52-b84cf98a163d,18,True
0fee4813-d847-4666-8a0c-2a48035867d8,0,True
15eac2a8-6a8d-4efc-a553-20caa268cf56,0,True
eaef8cd8-73eb-49fa-af7d-6e74bfb1c0e8,2,True
db1d2068-75ba-4eb1-87ff-a474d89c342a,1,True
233e0657-ebae-46b6-bcb3-fcb40355b9e0,1,True
ca6f27d3-e1b7-4463-8a5b-738e9c2c534b,1,False
31a99b2a-f5b3-4ca3-8543-b3638822ec66,1,True
5b756733-953e-4254-aa59-eed1afad9ba0,0,True
13014cea-6d4b-4920-964b-283c659d3fa9,1,True
f9e44230-12fb-4a6a-ad33-a0e249391f7e,0,True
8f507260-2787-4c1b-810e-0529394e9a51,1,True
9886ceaa-412b-4246-9c98-0eb4add40eb1,1,True
71698e85-63b7-410d-8904-2e137191da35,0,True
93455e74-e9c2-49cb-bb12-37c393d8d21c,0,True
5f35e7c5-48cd-4bb8-98d4-56b67ebc0901,1,True
da5b4ce2-5c54-450c-a9ca-2af32db69de9,1,False
8eae1ec7-e99a-47df-962b-f8103fa2ca71,0,True
350bd677-ab0f-42c3-91ba-e86c8797daef,5,False
afcb54eb-25aa-43c8-8685-19c30dc88416,1,True
7307fef4-75c6-44e8-8755-1d584b303358,3,False
0ebe8499-ed5f-4792-8d78-eb430757f016,1,False
d2776e1b-61b6-4cc4-9cc9-a399985e8dc1,1,True
604614bf-cb5d-4dcb-8e6b-28f64437fd0c,0,False
f0eb1c72-78e2-48f4-abed-70dba215289c,1,True
b7d918c1-2ff5-4ea8-88f0-95a3d5a38501,1,True
21f190b2-9cb0-4b04-aded-d97f262b65d4,3,False
224d3858-8043-490d-bbde-6744e2802e5e,2,False
740a6f26-96b6-4451-ad20-07030d97e871,1,True
9cc0d598-401f-49b7-918d-80f6cd60774a,1,False
afe0c275-0d97-4192-8718-b54b1cf197d6,3,True
63f413d5-538c-4e57-9ced-d68918c4a98d,0,True
9f2105eb-3109-4fe9-8965-90a0dcc1a436,1,True
7237a556-91c2-4813-8ddb-67a7b71e480d,20,True
8d87b34a-f109-4b1c-bd27-f06f14773698,2,True
fed5d588-4db2-47a8-b355-649076bd96ff,2,False
ce73c6db-3a44-4a03-b8c5-e5f0333ec0f5,2,False
e7096ea2-7b4b-406b-9de6-55b8babd579d,1,True
d6bc17fe-cd3b-4b9c-8d16-9a052df305fe,1,True
602683d6-a244-48a4-bc4d-e96bc6b14b9a,0,True
7443dda5-16c4-4a84-8fc7-8a11cbb06539,2,True
220642e0-62ef-497f-b3a9-c885483a0dc2,2,False
bd95d37c-47e0-4112-80fc-305a8b83dd62,1,True
fd7195be-b0a2-4861-bfdd-bcea69836e35,0,True
59588e77-bae6-4363-9755-95f6e1bb7317,12,False
da18dfa0-acd2-4a04-970f-2cfef0a8cd6a,0,False
30274ebc-812a-46bb-9801-a4f179c2a2f0,0,True
644adbcc-f545-4565-97c7-4164662db2ce,0,True
ae68cb02-a104-4503-bf57-1cf26d5b1703,3,False
490b001c-1a50-44e2-a27d-b75c812900b9,1,True
885902aa-458e-413f-aa05-19f4643acc89,2,True
3ec9e84a-3e69-4388-9a33-ca30a9d72a44,1,True
49bf0a63-6490-4d9c-83d4-387d67032960,0,True
36174ea8-f91e-4bac-89bb-4dfe0f344cd2,1,True
d9265917-0c40-491b-a359-b7842eaceeef,0,True
5dd4466c-0b6b-4fc7-a83c-a01eeee0bb07,1,True
795b4a78-f923-453e-bca1-da6181a9c758,2,False
a8cd2c7e-7033-4259-a7f1-e4a2239f53fa,0,True
18f5ac2a-1298-49c0-8937-82d6e14e8a8a,1,True
bb6b6b28-cf19-4bc5-8020-251220809cf6,0,True
68255b4f-fd29-440f-95ee-7eba21b8fe4c,0,True
2e01d39b-90e9-4b94-90ff-4b7193c2734c,2,True
9e4615bf-38aa-4699-bb11-2196237f9d8b,0,True
61ba8af5-21af-44d2-9087-7e0590a5c3e2,8,False
a93cfda3-ec16-4d54-972d-79628342b411,2,False
2446c991-1d97-4508-8776-90f8e2850dc5,0,True
05c08681-0732-4d46-b61e-a080e8807f24,0,True
e75446c8-bafb-4903-9b95-0b7d94266d55,1,True
9009f82f-1430-4c66-8d08-c51275e35727,1,True
bd4e5de0-c3ab-4a3e-812e-a2ee119f4efd,0,True
fdb792ec-d7a3-4ac7-a025-92ed40c215da,1,False
097bfc5e-99f0-4207-9b16-fd2251f31c30,7,True
55a2b501-1c39-47fd-99ed-6923280113fe,2,False
5f56e05e-73a5-45cf-80ec-e3b44f94f31b,3,True
ef416b53-868d-4784-9d0b-4a88c866f5d8,2,False
ac1593aa-a742-47af-95e7-112f0b731346,2,True
e3e177e7-cd44-41bb-8dc1-6f7dcd5423e5,0,True
9314db9f-2610-452b-aa59-8e8e4a6e17ee,3,False
a3a32016-a2af-4129-8546-7ebedb824b66,1,False
c18f0d82-98db-4f9b-ad41-8069b2746e4e,0,True
c5020188-aa8b-40f7-9217-0fe4fe508d53,1,True
481188b2-ddb4-4a36-b4a4-83e7733f9c40,0,True
4b2db388-ee75-4cbb-9ffc-0bf2712a38d0,0,True
99790294-f230-404a-b83f-7f6ed177b232,6,False
b41de93d-fe96-4c0f-9d19-d195045eacb0,1,True
303e52fe-116e-4916-aab1-fdcdd28de078,0,True
05d4fcd9-0540-4cd5-99e4-85569b7140b6,1,True
78a39129-795e-43f9-b4af-4a570ecf8f2f,1,True
a9a7baef-d15c-4f0d-b648-7471f84bce41,0,True
c769a115-c972-49b8-bb21-0bcbc59b08e1,1,True
a5dabc56-6770-48b3-8574-ef06bb8cb003,2,False
5fbde8d8-0d36-4b8f-9c37-0a0975ea5e17,1,True
b1feda14-1196-4075-8c31-41c9afc0af5d,1,True
9fe815af-bc3c-4028-8881-adc5c5f1b2af,4,False
cf855daa-466f-49d2-b85d-f36f6e68c437,0,True
fbc73dbd-5c3d-4437-b550-913bdf16543a,1,True
91bc8391-b581-4ffe-8bfe-9a649bcd1c44,1,True
d9b1a1a5-07b7-4f52-95c0-f0aa942e901f,1,False
a590c2d8-98f8-4e25-90db-3c6fbfae9f9d,0,True
71d2dd41-3b5c-40ac-8efe-6832a6629213,1,True
542a45d2-966b-49ca-a859-e69cadaeb494,0,True
f79c8071-6142-489e-a188-1fe57ff21d61,1,True
e72eb747-5480-4ee1-ae81-a44475891996,1,False
a701d7a6-733b-4389-8ce4-d70a59d090dd,1,True
c7762a89-ed44-404d-96f1-8720dd1d8097,0,True
fb00c40b-ac9e-4091-89c2-3e4beb53fb69,0,True
2db5c5ba-d104-45cb-a104-a65f016aa88e,0,True
d11361ba-fda1-4c44-a767-59a270710205,1,True
2e4d070a-d623-464b-ad90-2df909c003ac,4,False
476f4df1-d909-4df9-85e6-e07156784e60,0,True
3123191c-c7c8-4378-ad69-2d2ef4fd4e67,0,True
e3ce6737-e7bc-481d-b46a-0605a1d65306,1,True
5f4df5d0-1e8b-42eb-82bc-d82ff35190f6,5,False
87fab249-5efb-488c-874f-f625c0e68724,0,True
10c9e5ae-d06f-46db-8b68-333cc1ce384d,1,True
5ddf7c6f-3ab5-4bb2-8db1-716da5f6a4f1,8,True
103341db-b5ec-47c3-bc4d-66c0edf07dcd,1,False
e4754133-7a4b-4568-bc05-692350e647e6,2,True
32219c44-8a8e-4d4d-bdd2-1e07e1453301,1,False
b5869f58-7b4d-4cdc-9ff5-ddca3ca09b0f,2,True
8ffa9f7b-933a-4ef7-b8fc-edd080850b2d,2,False
75ee5dd8-f61b-4251-a6ca-54a92a4be10a,1,False
1388d8da-e38c-496a-8cc0-75ac65e53a7b,3,False
515912d3-7a2a-457d-9c8f-094c87aaac0d,0,True
e7dfe507-ad1a-4e2a-a412-bcc0cda47577,1,True
5db8cba6-5331-40e1-9e29-fc08a1c218ba,1,True
4a9a0115-8324-4db3-ae0d-f854b69ade5b,1,True
c5bcfef4-ebaa-4920-b44b-6edec9c82729,0,True
dcf5167e-5c7e-4ec7-9fd0-3a8d9969682d,0,True
b45a21fd-c385-497f-be0a-260817f926df,2,False
77210d6b-bb13-478f-9ea5-97f208ca581a,1,True
8fcb295f-4425-4f60-a2a8-fd976b46e882,1,False
ebb81f45-a44a-4237-a42a-3913fa86d68a,0,True
a0f75933-44dc-4f72-80c5-4ba0c9e37514,2,False
20fbc043-54fa-4e38-ae8f-0596e7b2a85d,2,True
8a19b46e-8eda-4626-aa5e-eee6cb09a218,2,False
4b2a3295-0b9b-47a8-9c20-7fa1cd8eab0b,1,True
91f19507-52f9-4b1c-b2c8-9fed4985e9cb,1,True
17d62a11-ed6f-48f7-93e6-0e900c6f4fb5,0,True
f9d012a4-1f20-41d8-8a3c-3c59bb2d73be,1,False
9ba2dc85-5ab0-4d73-a800-3fbddec47049,1,False
91bdecdd-02e7-4879-97b4-e8ac844928fb,0,True
6f3895ba-2660-4a02-aa7d-a5805a9c8f96,2,False
fd513cba-9c4c-47dc-927e-0c35702f6523,2,True
13254ca6-b145-4521-917f-0327a9e39490,0,True
38d433ba-1a55-47af-b1da-b9f1e22151f7,8,True
7e62909e-e5a3-4375-939a-fce78e4bc94f,1,True
6e322930-4698-40c9-a77e-218c0e285a9d,1,True
9e16fc81-5b00-47a6-a16f-7058bec2c27d,1,True
7ddedcca-0820-40b6-b8ba-de7bcb4a35e6,1,True
29303971-43de-4a3d-976b-db29eb6e0d49,1,True
7a35702f-cb06-43e4-a6de-adee94489eaf,3,True
492756fe-fe65-49e6-bd5e-7c47d4cfd3b5,0,True
aeeb708c-7cdf-4806-ac5c-5f37dceec82a,2,True
925d3eee-d624-4cd4-ac24-0c1db99e096f,7,False
f12c1c63-f2fd-4bf3-acb3-2a88069bb398,2,False
70679bff-b01a-4255-9dde-b1de7c3a51fc,0,True
30d8d2f5-5218-44a2-9864-6c46197b2a92,0,True
cd33a72d-7f47-4c27-93f0-1f4f56d19a50,2,False
5f1b9bfa-8120-4909-8a69-f561d1f69485,3,True
db3b5f1b-3867-469f-8001-1bd26e07effc,5,True
75d2bd35-d53d-480e-9b01-3058f9c0bb25,1,True
70953d2d-e1f0-4458-a4ac-60a5cf499763,3,True
e4143c37-6246-4e15-a438-0342c0b9448b,1,True
b5c0d5c5-a428-4736-ae80-3a460b8119fd,2,False
7f933f42-7d80-4d60-986f-5f6e40f501d3,2,True
0884cc89-786e-41c8-9322-bb85cc978829,1,True
74719ed4-37ae-4cf0-9e98-8cbc1fc08632,0,True
c567a495-ac5e-42eb-af23-ab53bf6ff3be,0,True
0f69d8c8-c773-49aa-bf5b-9c1c7d6f175d,1,True
d653ddf9-cf7d-40ea-a361-d68fadfaeeb2,21,True
983515af-ee6d-4c77-a64f-20003aed740a,1,True
335fa70d-7bdd-49ac-8070-822e1467c653,1,True
4b22d60c-2e39-4c1e-92b3-d2f7ab04a7ee,1,True
45ec9839-388b-4e13-80b7-7c6b72ed5f57,1,True
7ae35388-9b29-49e7-9247-459c68731f77,1,True
bc34665f-6a78-4223-94ce-b1ec050e13f2,0,True
2b7b29b0-8010-438d-8832-7cf58d33267f,3,False
6ea2eb91-d1ac-437f-abfe-a58124209e80,2,False
41c32fd8-09aa-4e17-b385-34a16796fb48,1,False
1b8a29b6-637e-4cd4-bc9b-82d81920d29f,1,True
63efeb77-bd8c-4107-b605-2e1c3c7c7c24,0,True
1fdb6755-88b1-4a4b-a24f-de2645f8b7e1,1,True
4ccc7320-7322-45d4-8417-1e9c5638422f,1,True
0cdbc992-b48c-468e-8110-b48000a10a52,0,True
73213c07-7087-4cde-95c6-8696518b4a04,2,False
3c0c217e-1fd4-4bf6-9fa0-299acb1b604f,4,True
3c2f2b76-462d-4a4f-aba8-2abbaf1a8734,1,True
8a908d4d-1cb2-47d7-970f-6e6f2fdc2ada,2,False
cba7e106-5b99-4668-b3f6-b511999a90fc,1,True
2d0a46c6-7e60-4d6e-a521-aa87e0f6036d,1,True
40090bb4-e031-4a2c-ab08-6418afacb7b6,1,True
740a2eed-1f64-42da-b2ff-7173c9f66643,1,True
728c7fb3-a0c4-4d48-a19d-38e616a03030,2,False
f272eff5-224d-45e0-917d-ad9f26f61707,1,True
09da769e-a0a8-49e0-a20d-551893f2f6d9,1,True
d77996ce-ac78-4fb1-aae5-3d6f9d580882,1,True
7abe90fe-3c88-45f3-886c-78c275dcf7f0,2,False
fc01a6ed-bc55-461e-8dea-7cfa95453ffa,2,False
cd3a9275-6044-4fbf-a715-3e0b43f74378,0,True
2588aa9f-33ee-4b06-be4b-b51b4679f510,1,False
01da4cd3-bbf3-49b7-bc71-5c52d9933641,2,True
58744898-5f0b-4e79-ae73-5cd157a65fd6,1,True
b4f6418f-e2c4-41c5-9e8f-9da114511748,1,True
0871c373-6d46-4dc0-aa9b-a4ba4363b827,1,False
81288310-a94b-4d47-b4b9-db88629926c1,2,True
b27d567c-902c-4bb5-96b8-fbe6125f2c7c,2,False
6c0c13bb-f4ca-446f-b244-7b1ebb3a08ff,1,True
2c9af453-27de-4a6a-9f75-e0b22db8e127,1,True
c1992203-b75f-4139-a83e-6e93a29284ed,1,True
9b8f7f00-9988-403c-835a-bc0089554fb5,1,True
78d8dc32-383b-4469-8a8a-abfffd36f696,0,True
1ec7a13d-443c-4275-8d1b-39396d64778f,5,True
b4eda7b0-8077-44fa-84d0-16ee266c7acd,0,True
f4945594-baf4-4446-95cb-1239b6c7e071,2,False
52ca9ab9-5263-4452-968d-cf5c3f4f912e,3,False
3331ab3b-39c4-4af7-8ed2-75e1d0c107cf,0,True
835ea485-2ded-4d48-8da5-90ea9e7cc086,0,True
e5bc5e2f-2656-4fe7-8708-f0bbecbab793,1,True
9b7bce58-1cb9-452b-b2e5-1180f4c7ce79,1,False
1f102f93-7fc3-4354-8cca-2d379d79ac86,1,True
d67fe9a0-c8fc-4a70-a0e1-c1e1dd672d08,2,False
ab6a917a-c6ff-42c4-8869-ea12139db8da,0,True
fee82aa6-3795-4456-82e8-3b86bcfcc413,14,True
81809468-7a48-4329-822a-6d257f794f71,0,True
f525b5e1-bd98-46e2-89f8-d8f88d2c8142,1,True
830339e3-58bb-4732-870d-41e003335fb3,1,True
e8d10790-1cdd-4140-9f88-6b2159d4d64a,4,False
89b1ed58-70bc-49e7-bf3e-c18193219dc0,2,False
578e48d1-47cd-47be-9fe7-dbd7bd75056d,0,True
58eb628a-c7e0-466d-b3a9-a812a8c8237a,3,False
458de708-89a5-47bd-a640-c8aadbeac780,1,False
aa12defb-2402-41fa-aa88-687bb97c85af,0,True
9241667d-4469-435b-b68e-63997d0935dc,10,True
bb6a66d1-4110-4226-9ce2-aaa79f844ff2,0,True
31ca6222-3fd5-4a7f-9229-9d5aabc86a12,0,True
e84e51ce-ce9c-4520-93db-c0c7d2afbddf,1,True
8b1a0937-9c2d-4347-9b30-607d815a4fd4,1,False
0e0f7841-e170-4f88-b77d-6793234a3630,0,True
47b58280-6b0f-44a8-a1ff-b00957250ef0,1,False
cfe19c51-5d00-49e3-b9a3-bb9af6e201c1,2,True
4b924e3d-7387-4964-8414-b5ba6c39b272,0,True
5780ccef-f642-4cc8-b568-89778f805b77,2,False
c21d5905-7e5a-46cd-b0c3-2f263a73c1c2,1,False
7b74d52c-eed2-4cf9-a02e-27da269ede57,0,False
5265e779-b9a1-4f38-9c55-1a9194f92573,0,True
685499b1-b165-44e6-b881-2df89a761c4c,2,False
c2ef5c3c-4b0f-4b52-b4da-537d4a688d31,0,True
aa709ae2-712c-41cf-94ad-3f2dfbdbd677,2,False
0be717e6-7105-49eb-bf58-b5a08d3c3d11,2,True
49a1a628-bf81-4f10-9547-d1ef7137e2da,2,True
f7772b42-d413-40e4-9148-4f93ddea65f0,1,True
c62dc547-1cbc-4db9-9456-546748d4f5cb,4,True
1838265e-31f4-4c1f-941b-e9d64d49cae2,3,False
1c2ce094-b6ed-4657-9313-cbd24df7496c,1,True
46dbcd92-32cb-443e-b913-737e04b21472,2,True
204c64eb-c11e-46f9-86ff-3ea80a42f074,1,True
e4a08628-16e5-49a9-9e34-bfb4564a04ef,4,False
24eb4fe8-c7ac-4aa9-9b92-10d1808c47e3,0,True
99c18e66-8a04-4467-8ad2-71902b96d6b8,1,True
feb86c24-e48b-4b7b-af42-b904c9c87835,1,True
bf3670c5-c8ce-472f-a90a-2c226e12c1ad,1,True
6acbc489-7728-44f1-aa27-9fbe524c8038,7,False
c9e63182-6751-4a32-a234-90520768792c,6,False
9c2550ab-e413-47b3-a6a5-c151400be182,1,True
dc6aea30-40f0-4fdb-94ae-0674a6b61ab3,4,True
73fd48e2-537c-4404-b415-d66210433a21,2,False
32a69514-19b0-4ba9-8a52-ee70c969ec97,1,True
24a94fde-9e82-4340-8865-2939bfe46457,8,True
aaa0557e-104c-4fc2-8b56-f38a2cbb273f,0,True
fa2acdbc-eef8-4458-8f65-4bff225e2d55,1,True
516ede83-8b64-427e-a78b-400b4d18f6db,1,True
7f1bb317-d229-45f9-8fee-40d7c7adf6b7,0,True
c27c6495-b594-4ebc-b6d2-2922eabf5f07,0,True
c28bf5b7-2d2b-43a9-afe3-7c92d961e140,1,True
e99b0e1a-aa91-4498-bd12-be63d97d0aeb,3,True
9981e988-a667-4838-aaaa-484ac5e64408,0,True
e9dc7d32-23eb-4ba0-81f3-a516d6615694,4,False
4aaab8cf-2980-43cd-a663-3d1c8550b84f,1,True
a7c8dc02-9807-45f7-81cb-153239c05f48,7,True
f229b949-9f05-4443-bcb9-90203947627a,0,True
dc5d4b3e-a91b-4d1f-b851-f3e8b0760e57,1,True
060abdd4-0689-4cd5-9dfd-6aa6b1c2043a,0,True
57b9d424-b489-40d2-90e8-db8bf225e1ba,2,True
7f10a294-9da0-41c0-b4e2-58fef3b9679c,1,True
1f37b2b0-c3fa-4a91-9bf4-f998df5aa8fb,16,True
40bcdcff-3d59-445d-bec7-eec05136d973,3,False
becbfff4-d9dd-43b5-b7ce-3a2052190c3d,2,False
6a86192a-031f-4a7d-9acd-e023e29ab1b1,2,False
0066ed03-40fd-4035-989d-523cfa87c710,2,True
f93dbf30-8570-48d5-b74f-645bea88ee91,0,True
98a7bc8a-97e6-475a-be37-f1b5038a50f8,3,False
1aa97dbf-3f7d-431c-aa98-265aba503889,0,True
b36626ea-ee63-4ca6-9e33-6a2227a14d47,1,True
df330458-56e6-44f5-8401-4f613e381eea,1,True
9009d89c-f228-4de9-b8dc-2c37069cbfaa,2,False
60c15f57-bec8-44c9-ae88-2be3cf687397,2,True
2a3963a0-363f-47be-9477-5d48fad244d5,0,True
f2dd8fc5-de65-4e58-93a2-9de962dc9e45,1,True
01bc9e66-b547-4b6f-9f9e-9da47351a1e3,7,True
7cfbe7d0-bb48-4197-9854-0ebb3e7e667c,7,True
397ce908-cd17-441b-8d10-caed2ccc31d8,1,False
bb948da0-05a9-4d63-9e82-1428d43a1aba,0,True
d4e3e876-ed3a-4dbd-9832-d0d76b06a515,2,False
f59f7a42-fed7-41a1-8d75-acff8686b0ee,0,False
9d786cf8-9fbf-4e3e-8efb-8a35e5934dfc,1,False
036f59a4-a1dc-4fb9-b54f-647a5275b5e0,1,True
f8f57d0f-5462-40a9-87f9-05d3de8ee29c,0,True
38e1405b-bb9a-4468-b66d-9149430d778b,1,True
b56a0177-2689-4218-a646-0db52690a52b,2,True
def78965-459f-42b9-b9f1-78faf21779b6,2,False
ee2319e2-4da0-4561-b369-e22cea9ce5b4,1,True
d6d4a057-f04d-4fdc-a2d0-ac61277b2f92,2,True
33f3f2bb-a2f4-463e-8b0d-44f2fe5b7782,1,True
58d8d54a-064a-4856-9921-6e58b325b5ec,0,True
268169b0-172b-4d37-b113-d24ecd93e67f,5,False
903d5d3d-72d4-4144-948b-0d515d49e923,1,True
ee969689-6120-4532-aa8d-f5e51d882b3c,0,True
fd217ec6-d7b5-42bf-b9d0-104800cb67e6,2,True
99d8af0c-67d2-4a7b-a690-19b0e4fa2aab,1,True
b68b873c-7d18-4e36-9238-9926d197cfc1,1,False
da116372-fcf4-4a38-b8d1-efc72e3eb452,2,True
7da96f94-c382-4788-b45e-1a5f51114a63,23,True
8e8cff56-328b-4177-97cf-9c55112a9d7a,2,False
2aa579c7-8543-4462-bfbd-e5f77c191ace,0,True
2075c207-7f65-4d5e-acbb-7b34ba069a6b,0,False
d9432d4d-70e6-4703-a895-25ad78f6e25c,1,True
00970157-dcff-4519-841f-46a66c25b010,10,False
06253980-cede-48cd-9770-d40e3795ddf9,2,False
7f359446-83a3-42fa-bebf-b5edd6c6054a,0,True
d79649f8-047b-463e-a44f-7c8ed330f7c2,0,True
13cb85b3-2175-4f6c-93ce-fdfa28b0f9a8,1,True
44f0a1a7-a9a5-4ed6-a279-c02dfe46961f,1,True
c931568b-13ae-489f-aa94-ff92f85c5a13,1,True
85ffbf2e-9c89-49e3-a360-4ded286e92e6,1,True
bdc922c3-918e-4f96-942b-57e820622b50,1,True
267d3c22-ee86-4d2f-87e0-58aef8c1583b,1,True
23f5af39-b50e-4dd2-9bbb-2cd7fa580067,0,True
976a3472-8e87-453b-8781-9560fd42014f,0,True
a1fe0970-d29d-4cd8-8efa-30799aa2c11e,14,True
fd853e58-40d7-44ce-bbb9-9bd70ddde4f1,0,True
f5aeccc6-76b4-4e4b-a26b-c9b614327a5c,0,True
17a05bc4-1ed1-41fa-b35c-f49d3550a37f,1,True
9a64b0fa-93a2-42af-88a3-911e0b22c3d4,2,False
2250958c-73eb-4f52-aae2-237994806cf8,1,True
2c63a50c-73fc-4547-887c-3b6480765299,1,False
91c143bf-17e5-42e9-b30f-f1431354c8fe,2,False
54ecc7d1-fd95-411c-8a72-a524874ddab2,3,True
572ef125-b2b6-4df0-b87f-db315eced896,2,True
3c0915a7-0602-4f00-bbde-7fab9dfd1b42,1,False
a129e2a2-381f-4ee2-a103-681ba3098b86,1,True
1c2cbfae-f357-4e2f-9517-55e1e4600f8f,9,True
efddc00d-a6bf-4aee-8da8-6a7bc11a1f9c,3,False
a8ae6cf2-9924-4f92-82e0-515c22e79bc5,0,True
eece59e8-9bdd-406f-918a-266af11cd510,1,True
a0c0e49b-1f51-4007-b5e2-39d262d89a97,0,True
96981b05-8149-440b-9f98-4fbed6c0c021,3,False
ef8d81f2-c746-4f08-8750-3761f41ccc7b,1,True
5010cb30-27a5-4b4a-bcf9-8b994591370c,2,False
0976d154-ad97-4a28-9a77-e68d16ae0a61,2,False
4cb29c50-33a2-4b45-b0eb-e9aed249c2d7,0,True
422926f7-3655-4b51-9b93-72620dedcf2e,1,False
9d414d1d-62e8-4b6b-b102-f81af3fefdbe,1,True
f0697765-45a2-46d5-ae28-a1c0f003d1c2,0,True
89f651f4-8c37-4b90-9b53-9c2b515dc409,0,True
e8db94a4-020a-4c5a-abed-8a1ff5bd4e44,0,True
437757a8-9f7b-4b45-a68f-488450bac02a,0,False
6e5c121b-fd70-4987-b686-baf64eb1ae60,1,False
f84ca2bb-98d7-4c8f-8110-0f6722fc0bcc,0,True
62c256f3-8ebe-4d47-a659-d0a7e5477847,3,True
5331d699-c428-4d74-b68e-def0b3b48b99,0,True
7d513eb6-7471-465d-bd1b-d2f382da8154,1,False
f01b0066-9966-4949-89fa-37ff0291a750,1,True
9d6d0ab4-07a4-4463-a0e0-feb4cf09d825,1,True
8eb36e21-19a5-4b02-a083-6aa08daaf11f,1,False
2df59836-252d-43c8-849e-e553d8e52a1f,2,False
6a4634b3-0b14-4f80-bf4f-ffa10bfd64da,2,False
e1e7de44-a4fb-4d7f-a5e2-0715c2d02f33,1,True
bcb85d4f-48d5-4fbd-9a00-091eb0b7e166,9,False
96ed4e3e-b3c6-44f4-b02b-cf09449886a5,0,True
2d7b801a-443f-4249-bb1a-f37d66ed7776,1,True
595b560a-68d5-4b41-bf52-cac9f3841bcd,2,False
3cfd61c8-2c97-4485-a088-bcb224026eeb,2,False
250cfe9e-7c28-4956-9733-955341537d93,1,True
317a5636-3d0e-4b92-babb-3f40da877469,2,True
923eae9f-0568-4a1c-a1a6-9957fb320ea2,3,False
260a6625-a1f7-41d7-9a3e-b028ed50b36b,1,False
a6a5ab0f-27f0-4170-8458-dbe88769cabd,2,False
efedf9c7-4b3f-4ed9-9489-8795557fe20d,1,True
b7958420-fb71-49a1-bf8e-e9f845c885c0,0,True
2c84be1c-9d8b-48b7-883b-cd49d6db4c46,0,True
0dc7f33b-59cb-4ab4-b639-432283860052,0,True
9ff1fec5-d8e7-4c18-a9c2-83779491ee22,1,True
dbf31cf8-9b00-42f2-8a13-3f77cd3e6237,0,True
423fdb68-e229-4405-b9b4-83c82de88149,1,True
e2c337e2-8390-44a9-b58c-3365f01ef04f,1,True
77b739cc-fcb0-445e-8638-f537abba5f75,2,False
28f5afd7-d208-4759-b626-52b58c31ce83,1,True
68f5b9b0-380f-4788-a3d9-1901c96088c0,3,True
3edcb160-9edf-4c01-956e-f008726be984,2,False
14ce45ce-aca6-4b16-bb45-6b5b92a7ba6d,1,True
f3f14d7a-fc9d-4801-8b05-8f6a185bccee,2,False
1df91554-1945-4172-8527-e76c0a2d36ad,0,True
48bc0e76-1f3e-4baf-ad90-2a332707268d,1,True
bb7b57f5-ca05-46ba-8ac1-75f193aceeb5,2,True
49001055-837c-43b8-90fe-4db63c2045d1_domain2,1,True
6e954f35-eec4-428d-9c26-c57deb3bcdeb,2,False
d54be20c-411a-4a3c-a4b1-c4e3f8b1ab90,1,True
c31292ab-74b3-410d-b863-5907665be9ed,0,True
fbf452ac-69be-46df-bc5f-cb683279d49d,0,True
84c3e082-424c-4845-994a-a18dabe5e0a7,1,True
173ed863-e420-4a22-8030-46bd96d78cc8,0,True
c5d01479-5a41-428f-92f4-cf041f423909,6,True
80770a33-79c3-4404-b2f7-5d4339787bde,2,False
8c1f87b1-4cb8-49ab-93c5-d588e8718d3c,5,False
68a7203a-6cfa-4856-a48c-7940c0b9f985,1,True
7bcfef93-1297-43a4-b31f-76346ef20aa8,1,False
7b874989-ae6c-42ce-81e8-674618a8a742,1,True
e2de975e-597c-4f9f-a927-c863e89fa52b,0,False
4af7ab6d-4583-47ad-b611-c9665439fee5,1,True
047777b2-037d-40f4-82c6-b6a018406252,0,False
ef0c61fa-9158-4ce3-b54b-6bfc22c33ba6,1,True
72534855-528f-40a9-9f43-f43ef6db3e42,10,False
8ad928c2-d7cc-4b31-81ec-57854c10b502,0,True
d106fe1d-6394-4570-9a0e-f73d42f91e19,2,False
1e1f59b4-3f2a-437f-935b-7d790c388944,3,False
df233aa9-b654-4fb4-aac4-fdeab994d515,1,True
f8d38abe-5db0-4b6e-a945-2bbb3bd337b1,2,False
a2a786e2-b2a1-4b1c-a4e7-d8c658970436,3,False
fa179dcd-aee7-4918-ada7-a8195dc43e9d,0,True
f44053f1-1c6e-48c2-9599-4238aaf89f3d,3,True
b55f3b3e-0e7d-421c-9f33-771ffe3e870a,7,True
33fbe173-25f0-4d46-967f-12032b55e5b3,0,True
68289265-920f-436e-92ea-4055e0334ca9,1,True
19cf602e-c1cd-4751-8a92-8fca8c54cf21,6,True
9c7a7d75-5c10-4d5e-ac17-8552b91e2288,1,True
9296ce74-7475-4234-9aba-67e07f216b25,1,True
e8728705-ec05-42ef-8f2a-f68b68921b0d,2,False
eb4213ae-daf8-4544-9c37-fc79df545278,2,True
4237e2f3-54ee-4469-a71c-389fd6b13ed0,0,True
cf6d0835-556c-413d-b294-85cd63715e2c,3,False
2b8e53fd-d748-4941-bb48-7abf5983a513,0,True
861a41f2-da6e-4597-90d7-b94109959df8,0,True
795111fe-9a1e-449e-a8b9-8b35d68b198c,1,True
06d88492-dd4b-4cb8-887e-fd8e491caf05,5,True
77d3b7be-662c-4b40-b6e1-742b23e746b8,1,True
3927a44b-43aa-46fd-a7fc-3458c879e80e,2,False
89c03e1a-e258-492b-856e-cd5ea5f5bf73,12,False
bfbc1efe-f78e-4397-8d33-39bf798f0128,2,True
28bb5c03-b038-4ce0-b89e-3ea694fbe838,0,True
a4f4c65b-cd78-439f-9101-8f3c21850d73,0,True
cb3a90c2-e8fa-412f-9ecb-bd3ee8401d1c,0,True
b6941519-38a5-4dc1-8ed7-16f395eeac37,1,True
3f0fcbbe-7912-46e9-a6c5-f6ea296e4279,0,False
e6f60357-efb9-4921-8879-9c22ca43e18c,1,False
7c46d85a-92d3-4d3d-b75b-4fd704fd4628,0,True
c02a9975-51d4-4618-8bbe-394de9bb9022,16,False
1b6b9372-5333-4e45-aa25-22c27c1b7f6d,1,False
fc0e8fb3-ff5c-4730-95d9-84362919a766,1,True
aea06d77-9557-4545-bf28-60c84e00be2d,0,True
7fba7b45-b2ad-4631-b0bf-6ffc9fcf9840,1,False
3bb8a623-02ae-4517-a22e-bab1c652cd4c,2,True
e5ecd036-656d-4581-a3da-3b4d5d985bc6,0,True
1d472f54-a2af-4cea-a505-45b274a19db1,1,True
512c5907-13c3-485e-9fdd-3bde473cb9bb,2,False
24b2b63b-3991-42c4-b464-3af36bb7233d,0,True
c05d4834-a3e9-43ea-804c-5b6bcab16e6b,1,True
d9927d9e-432a-4781-a7de-0cc1b531d409,12,True
85932bca-8052-4794-bc67-d95c5650a2ad,2,False
0bf9c41f-88db-4175-bef9-72bd5cacfa32,3,False
b002782d-e423-4d40-90e6-eb67a5da5931,2,True
7963eedb-bf33-4f38-b9c7-db4f6003eeb8,2,True
1922220c-fb3e-4a86-8aca-02d1e93bfe82,2,True
fad60c76-d5eb-41fe-89d8-36e1c99777a3,1,False
a2a7b53f-d875-40e9-a9aa-3c8defffe34b,0,True
be07f817-1187-4973-9648-6654bb2fce64,1,True
4281eee1-0783-4ea4-9929-a671c1acbf84,1,True
7cc9891b-9977-4147-9ddb-bcb5c3a8d765,0,True
abcacf6b-23f1-4789-b51b-8d7fd1ad9f8a,0,True
a492f229-9aad-4033-bc49-e2315bf4e038,2,True
035e99e9-4981-4325-b212-1e64b52637af,0,True
b7e39b9c-7e38-4370-8e92-f1203ed0f151,4,True
e80ff751-b17b-4dd4-acd0-c6629bd8361a,1,True
7655d14e-b72d-4dac-a3ff-1dcc875266b0,1,False
1bac661d-5e86-464c-99ca-f90e3dbb884a,2,False
a4b78803-85fc-47a7-b7ce-f926abe5b5e0,1,False
42680605-5ac6-4f92-b65e-21b68bd4e0fb,2,False
16b8541e-cb26-42f7-98e6-5c3e53c2d7db,17,True
521f47e9-1f04-4845-a7d2-6c29fd440da9,2,False
a7a7576e-7f9d-4f44-9704-fe8ddf0c4df7,3,True
e2a7de32-aaf1-4998-a3d0-d526d69e9075,0,True
87263259-8fe9-45f1-98e7-2c08c5f876dc,1,True
79f54f8a-d157-4a13-b02e-754646d14545,1,True
b6767675-51a0-47bb-9ab8-69cf6b2d568b,5,False
b0891040-09b5-40d3-a71b-01725876a604,1,True
04e3407a-f5ba-496b-9d80-027e42413873,0,True
a77f35fd-009d-4d62-a244-deef55c6d014,5,False
b8b68d62-4ddf-4316-bedb-e1e8338cac1c,2,False
bac8d484-795c-4012-abb6-3ed39d6aa511,1,True
66550465-aebd-49a5-9bdd-538eb610179e,2,False
0b885604-c1aa-48cd-9fc7-c6e148b95949,0,True
b33536c1-395c-45e2-b4a5-9b45337c1f60,1,True
012aec8e-8228-494c-8e40-060c5f56120b,0,True
60d5385d-ca64-4bd4-b51f-f1b77ea766c8,0,True
28b846a7-f600-410d-9530-0a658cb1224c,3,True
586647f1-484e-449a-8602-bee8cdaee9bd,1,True
4ed551e6-e606-4f53-8acf-6ee74091ebd0,0,True
fd92f4ca-e311-4514-830f-9ad267c7ff47,8,False
f2279928-8b2b-4e44-a613-9788ff9c8f94,2,True
26dc160d-5519-4b37-a838-3abafa9a88f0,0,True
0a59325d-7c7c-45b7-9843-d471e70785a2,9,False
fd15e9ab-5ba5-482f-a01c-4e0024e858e5,2,True
909e76bd-cb01-47a2-9300-f1b21bf26f32,0,True
1db7f119-5c99-4fcd-9a4f-3653eddf8945,0,True
592d11f2-1b48-474d-92aa-9f6aaf92b612,2,False
a8d1ba36-577f-43b1-ad3d-b04478267b07,1,True
97e59a76-99a5-4a61-b11f-53e6a69aa305,0,True
ca30e5a4-07a3-4542-b128-1a234d385f84,0,True
a92cf9ae-351b-4b65-a448-21e68ff83bec,2,False
7a03b6ee-d1fd-4e5d-8107-9195902859bb,4,False
ebb0863b-d41e-459b-878f-89058aa8dbc7,0,True
718ca55c-0fe9-4a87-940c-4fadc9dc0aef,2,False
116e5645-d136-4940-ab59-61155370bc9c,3,False
7ca23ac3-2818-4855-83db-803a64185885,1,True
eff3e45d-4290-4de0-9e48-d93f3e0e2329,3,False
13386e97-42d3-4037-ad63-d15fb9586e57,0,False
c1b71402-1f4d-400e-b2b8-9998e3302362,1,True
aa7c2cff-f99c-4c86-9863-e07650a3ce3b,2,False
1d367db1-6fae-43d1-a066-41ec96a1dc98,0,True
be83c40c-c24d-4059-bc5d-085051e60af4,1,True
86fe4527-654c-46a6-9b5a-ba392d908492,2,True
3cb61d2f-50a3-4b0d-9209-437dc3dba5cd,0,True
f586d12c-e6cb-4350-a2eb-aa7d2150a6bd,2,False
f429c703-363f-475c-a6c6-1d5bd5ac4f54,0,True
9bfdc32e-c95f-41a4-9420-91046a720e6c,0,True
848a1b8f-6007-4d9b-9422-e1c731a120cc,3,True
a81df68b-3803-416f-8a3c-3dbdd31d11ba,17,True
4885ad58-a295-4297-927c-543ac223d470,2,False
fdb13c72-256d-4b83-8eab-a17ffaa86fa6,2,False
eebac6d6-984f-401a-ade5-0249980eaa7c,0,True
ac525aba-2a7f-40f3-a707-5a98a508324a,0,True
0f371462-b0d6-4f32-ba90-ae2efca09f6c,1,True
7cf8b4aa-ed12-4651-9f9e-05feb0854c70,0,True
945aad5d-cec9-4216-b069-0076a00c63ed,2,False
bbf8a170-6fda-408c-9f34-ecb02979012b,1,True
21861ba4-e1d6-440f-be26-0bfa90651bec,2,True
7e1d1467-87a9-438a-9271-45bdaebf697b,0,True
5595cf4b-9204-4b38-8346-20d7c1e5564a,1,True
c349c80f-1d47-4920-bc92-839362b53ce0,1,True
c87867ae-b0c6-4f9c-b130-6c6b795a567f,1,False
8a637b05-7570-495d-8ac7-373236bf2b47,1,True
4b36211c-c18d-4957-a4af-2964050d0639,0,True
9fde4edd-d349-4141-8311-b6fb75634eb3,1,True
e3a01984-be95-4f9c-a089-2456a71e3a60,0,True
e347bf7d-ceec-4a46-a927-2b0cc22bda5b,1,True
5fd13a10-691e-491e-ac34-e4ba36c99af9,1,False
2212ba64-5536-48d5-9915-981d7a8b586b,2,False
0c67d776-3c67-4025-9f14-f6fb3ae62bfe,18,True
868216b1-c59a-4bc3-8554-5e9cbaa4b034,4,False
8493f6ca-f8e6-4c48-b3be-8474ba4acd4e,1,True
310ea8c8-ad1c-4d34-a416-71861f4a1cc8,0,True
b329b5b4-336d-4777-91d2-84bb6952a7a7,1,True
c2d5b3e6-8df3-407b-9340-94c412bbbd39,1,True
aa2f11f6-b3eb-4795-aaf4-f2aa227bcf4f,2,True
f71633f6-74d6-4da6-baef-0b2d396ee0f6,0,False
9c13216e-2833-4730-86bb-e43cdbe43311,1,True
27ff3d37-b849-4a46-ba1c-bc8961c7d0b6,9,False
57a7b6dc-dc16-456f-936d-f2549f054600,7,True
c3e725ca-0dbc-4022-a57f-05939eb61656,0,True
5cede53c-746d-4e93-908a-5fb12a378d61,0,True
a1454b36-3eff-4fea-91e3-3da1fa7cb818,1,True
79ad229a-8b2a-4e30-8165-e4d491e1df25,0,True
a9477ba6-6e17-4753-b1ba-6efed73acbd2,1,False
4c6e42f2-7a92-4fe4-9e47-77d3402c71b6,1,True
b7ebdae6-4c5e-4346-87e6-d4bda8bc7ca7,1,True
78499e09-b2b3-4ec1-9cf2-c0cec2169730,5,False
c38a3472-e544-49f3-a81d-8f68485ff927,1,True
6115ee77-c9fd-4c6b-8c37-b4a087a999d2,1,True
e4500e3e-bdc3-4645-bd52-b0f6ce822614,1,True
40e4a91f-0a01-459e-9430-4bb2f0a87b2d,2,False
be9fd93a-4316-480e-ae92-5b6ec50837dd,0,True
c5c7bf43-5f8c-43e3-9472-297111599db8,14,True
7d606341-7ed6-4eb0-998c-9e61ca624c6a,1,True
b52760eb-aeaa-4ce3-bcbf-2814a8808718,0,True
e7487bf0-ac78-494c-8a46-40a500bd3752,1,True
8d1c0e43-277a-4ee9-b188-70154c32425f,0,True
4d5fecca-912e-4976-af4b-479ca3a12d01,2,False
d577f6f1-3522-4162-b2a8-b18740fe7e28,1,True
37baefd6-7a5d-4851-a618-189333e594ca,0,True
64a2952a-ef63-423f-9528-0de52a3daeb5,5,False
1592e75f-08cb-4b33-bcba-1768c60bb4c7,1,True
c0dbf173-498f-4cda-9142-3768914d62aa,2,False
6205b523-005f-442e-a828-c90ed42fc775,0,True
a8cddcdb-6900-4557-b23f-38f38ce1ba59,2,False
957d9e92-5802-4faf-9781-b08bc314d909,1,True
ef657aae-4d73-4092-b181-7b5081c1d110,1,True
f77e1523-58d6-4772-a03e-cf1f5b902c39,1,False
7c66bf9c-b068-4d5a-aff0-a7bb5ede86a2,3,False
faf0a749-d057-445e-b8ba-0c696e13a86e,2,True
f51ce373-2b21-4d44-a07d-39dca38d6332,1,True
4cba3123-afbc-4234-9a01-487c0cb23c6c,15,False
70b0b0ae-5f2b-49a2-9127-54c244d97dad,1,False
2af43d08-61f4-48e4-820b-cb627f97c95b,1,True
d4b147c5-7123-4e3e-b3a4-3b2555e40ee2,2,False
1dade001-09b2-4d4d-97c1-422f539e82b1,1,True
6a38a3dd-36c1-4b1e-b5ae-9a6c56114be7,2,False
75122255-0be8-4c46-bec4-a491b29b243d,2,False
b58382c4-b42a-4cf9-930a-0afbdd964494,1,True
c7d9ad27-8e92-489d-8e6f-8c3654ebc5bb,1,False
7109b8a3-85a9-4242-961c-d979ff52b194,1,True
31bb7151-5c88-47bf-b002-7a3d71383da9,2,False
261e7d8a-320c-4529-a72b-dea95c094bbb,0,True
b6f6a0ec-078a-4731-8663-ae64a94d981e,0,True
fc077e3c-5c77-413a-94a7-5ad4448c032e,2,False
8d725195-140d-4f5d-b75e-067f90c8bab9,3,False
2d9fe7a9-0492-4971-9ab2-7ed10e09b00c,6,True
afa49285-24ae-4aaf-a347-9f94926b404a,2,False
5317b62f-2a52-43a2-a2ef-89f8cfc40d18,1,True
d13b5c21-3e29-4430-8ead-b39d27615d31,1,True
20397945-cae6-46dc-94ab-d69523bed9b2,0,True
20671f2b-69be-464e-9ecb-bc1e1a8760c4,1,False
75631093-e6ec-4e59-85a6-546003faa7fa,0,True
c8a191f7-08d8-4bb5-b9ae-c4bfd6093df6,1,False
3a68c0e0-166b-4d9b-a1d1-d0fc1861bf8a,2,False
eec76055-2800-4b4b-a4a7-05b582996923,1,True
3e80a1a2-6b41-458c-8527-5cca5f1457a4,1,False
9e993a59-d344-4784-aa79-1394ccb85482,2,False
89914977-e2b8-4ecf-97c8-34d98abf04d1,2,False
091e43c3-6a0b-4749-94c5-f262aa2fa08d,2,False
1b241aa8-0d26-4ec0-ab4d-f01c5a5070f3,2,False
5ac1d287-04fe-4668-b7f0-b9c772d282c9,1,True
c16922ce-637f-4bf2-9e06-b5bc0aebc3d7,1,True
1205b346-8666-4a49-8a1d-7eee697b61f2,8,False
5e82841e-f7c8-4170-b4cd-5b63440e7f13,3,False
7d264212-52b3-4576-9a6a-63283ba44179,3,True
faeae4e3-a7a5-4175-ab70-9a62bbd59fc2,1,True
e1d67be1-99ed-4bd6-8c25-26b1e73e9e17,0,True
d325c9d3-123b-43f8-8a68-74f5c886b59e,0,True
b50b7ee9-ea94-457b-980a-b1df491ba2a8,5,False
f2c3d0bb-3f75-43cb-b75e-1e1ffec2f8b1,2,False
c4c783fa-78ff-46e2-ac62-f48dcf62283e,5,True
382cc6c9-318b-4a91-b8db-79c912fa9edb,4,False
24ed8576-066c-4b77-98b9-7ac7e0b6d03b,1,True
4e90f7ea-9f4c-4c9b-96ec-206bc4d17790,0,True
297dd258-3c0d-498c-9431-75573004dfd6,0,True
e5fb29c5-af73-4899-a6d4-ec95ecc3f3a8,1,True
865faff5-661e-48b7-8ed9-9a7446aa059b,3,False
1b476df8-f01c-49c3-b4f5-fd0320ba70e5,0,True
0b16a2b0-edfc-4891-8ff7-606f7844067e,1,True
3e81de13-b0eb-4b65-a269-afbda91cfdb1,0,True
6a854c64-c259-4693-be7a-21765c8ef71e,1,True
cfc0533c-83dc-40eb-b282-98f3e1fbc336,1,True
6673a2bc-c303-4f84-bef2-caff70cb0d28,3,False
f583e4fd-73ff-4293-a8f9-b209a460f72d,1,True
24c9e3e4-bf5a-487e-a223-e6f27c874ef4,1,True
4f221250-d0c5-4996-b5b4-94bc617bf26a,2,False
1561474a-ec4b-4bca-9d49-c5738a4facfb,3,False
8366eb4e-c52b-4c1a-8c87-81fb770e104e,1,True
ab2baa98-c2ac-4c56-8f76-bc3be079c2ad,0,True
e242bb10-c79c-49ca-a39b-3170362982ec,1,True
db68aecc-ba3b-4e7a-94af-376f31efa9ad,3,False
c4c28c0b-2587-4164-a5d6-07c3d5f54a41,2,False
885c2bbd-89e9-4c61-a9cc-06ecea6bdba4,2,True
9181d717-1376-4ff2-922b-5c7f518de788,4,False
d6274947-eaa0-4f95-a48a-13a9f50bf4c8,2,True
52e75c8c-68ac-461e-823f-dc33a2471375,1,True
2a2753c0-92e3-4365-9b12-1643fbd91509,3,True
c5899650-5a4c-43e9-93df-fe192d9af7da,6,True
119e690c-7a4e-4e75-9939-948595b128a8,1,True
2b1f04d8-44e5-4716-a1f7-a852d4400da3,1,True
04459d78-79c4-4dc4-8895-49e081f0e123,1,True
de5f99ec-0ee9-4c8c-acad-7b7316ecd947,1,True
3d4d7e68-4f57-4139-abb6-e02438765fec,2,False
ab59faac-403f-4ba4-8ce4-5c62e984994b,2,False
e67b6882-0bf4-4933-8eef-8b732613f974,1,True
66189ba3-1345-4c78-9a74-7038ae50d68d,0,True
086d0864-d8c9-47cd-850c-b4bd01c35b11,1,True
197204ef-cddf-42d7-9a43-0cae9acfaf16,1,True
9371b1e3-8353-45bc-b47e-7c4a459ce957,1,True
dc409ebb-24e1-460c-b0ea-6202b0ff4593,1,True
61a5972d-9f45-4dc0-afa1-311de098540a,1,True
a6f7080a-701f-4c76-bbc4-a2366a28220a,1,True
e92dbe7a-3412-4ed0-9892-ab1c754c9ac5,2,False
061df73e-ec07-4028-b45b-8a239ad90ebd,1,True
d7d3d6c7-03c3-4c84-8083-bd0595e136eb,2,False
843fd511-498c-4389-a546-8b6facf2056e,1,True
000b9955-c733-4f73-97af-738c0ebbc7d8,1,True
417f6f9b-a83a-4bec-b95f-ac678240fc16,0,True
0ac31c10-d8b3-46e7-8e2e-8679734b12a5,2,False
3355075c-15d3-46e3-b1f2-4457d457b73b,8,False
ec826376-8559-4d25-91c6-05381712736c,0,True
8a0d9d79-278e-4fed-b380-5e38ef45db56,0,True
6a024aa5-924d-4480-916c-6fb99c943117,0,True
94405676-3374-47ac-a9e6-90b44afa4a73,1,True
d0ccdf08-a937-4193-b7de-52f2fd684e15,0,True
36486a11-20ad-4c8f-a785-87aaee053d69,1,True
8744df27-b008-4266-80b6-2d2e91ec22e8,1,True
b3325f4b-c298-450d-a17c-b60fc1ff712a,2,True
476407c8-556c-44f0-8fae-5ecb6c77bbab,1,True
315ceb4a-dc8e-4aab-8bcb-3638f5489349,0,True
807f12e1-44c1-441d-9bfd-419239a8718d,0,True
575f0578-6e86-47c2-b4e4-45edaa1a2f17,1,True
d2efed68-0354-4dc7-b39a-9cdc5da60f15,1,False
b460bc14-2cb6-402b-97be-97f133be2585,0,True
c356d198-bb6a-4f13-be6e-9b1120b90cbc,2,False
99dfd849-4ec0-4b44-a88d-ccb5cb4ed47f,1,True
71631e7b-0991-484e-b09e-440a70bf4148,0,True
11c3361f-a5ae-430c-bb87-9d7cf734ee19,0,True
fa0ae6e7-8c81-4959-bb61-ae1756bb6a97,1,True
dd60752b-79c1-4aeb-854e-020a916f84bf,2,False
cff25b12-b353-4f04-b47c-355e697ef11d,1,False
844666d4-3496-4162-801f-d98395e628f8,2,True
2f20a95a-d6de-4257-83db-053cab340b71,2,False
61dc537c-2849-426f-916a-5794664f6b6b,0,True
2454bb2c-ae75-4c92-99d3-d2218e72b9d4,1,True
c6b6e10e-85b0-41b4-83b0-9faf56cd1a9d,1,True
336d4220-8c80-4f91-bedb-698d3c02c10c,0,True
900547d5-b3cd-4b4c-be59-82f9bbac8598,2,False
f5cb0c90-bb41-4ac2-ba9a-a226bc8a6b2f,1,True
3b2697af-e221-4966-9634-be840170ef44,0,True
782ef96d-aba1-44c2-a2c0-362417ebe851,2,False
34392455-11cc-4de0-9ce8-4f99ccfa7be5,7,False
24b289cf-29e3-4520-b418-b30a83401c61,0,True
7a9610ac-3444-47ce-8184-cb2032d7c117,1,False
6bbc21f1-56be-4c0b-adda-1a2df895ecbe,4,False
f84a8fc3-813f-4913-97ad-8d134b655260,0,True
0c3aa026-ad9e-4042-818a-eee3ba43ae34,1,True
742986ce-edd2-4694-beb3-0075ca672c39,0,True
f83a62a7-d721-484f-a2ab-944bdf7e0331,0,False
736430ce-5812-406e-8298-7198ee4c36f7,1,False
3d4d4ec8-2f7a-4e05-a11f-2b752e20d001,1,True
bf3fabc9-31f5-4449-8618-a1ce525b3b99,6,False
1c60280e-4768-4129-9018-20ed6b9673d3,1,True
200e9dd7-1751-4329-9f1c-c6c2d9b3fcce,2,False
876301b4-455e-4f5a-8950-d2d4c95b24c8,1,True
5b7ba012-1f02-4d2b-83ca-7752cb01c435,2,False
84e6d90b-ba98-4299-9882-bb637347b5c8,1,True
ccef06f9-63a1-42c7-8a13-341a9d9ba288,0,True
ef4d2de8-0921-43bf-914b-ab36c32206fc,3,False
3daa33fd-e3b7-4657-90ad-3d4b10edf000,4,False
ff9083cf-02dc-4559-8596-7a128ea713ac,9,True
54d8cbbd-3a52-4b3f-a40e-a1c71b833f56,4,False
8adb55ea-f224-4233-b858-4e50c3a11c49,0,True
8949983b-255b-4409-9390-082a7005cc40,0,True
e8b53b29-36be-490c-8504-5fbcea1b6f81,2,False
dd07f884-bec0-42c4-93a2-5a14890856e2,0,True
66d31407-d855-479a-a892-6cd350060972,0,True
36cc4cb3-d186-4605-b003-1a1a871f1ae0,0,True
f190217e-8090-4752-bfdc-0a54d43d61e2,1,True
6c325027-c207-46e3-86c3-47cce7814ed1,1,True
40d551a4-671f-4ea4-841b-b51ada0694af,2,False
014c65f4-7018-46a9-96c9-c13a4d8c828e,1,True
748905a7-57c3-43d7-b30d-d932ffca8cc2,1,True
d000b35d-69ba-492f-aaa6-8c7bb0349462,1,False
ebae2b34-e808-4d91-9ce7-5157fe3731ec,1,True
c61a8423-b016-43e2-8036-edae990ef43c,3,False
fcc63a6a-7893-4e98-9c29-38485b333372,0,True
a7a1fae4-feea-4131-a082-de32c7531dad,2,True
65f87c67-fd01-43c1-8310-f335cf9d99bc,2,False
0071d93d-a900-4d2f-8daa-6b330c69d490,1,True
513f20a3-af09-44da-b481-1697e795df31,33,False
c386e4f3-1cdf-4ea2-a227-c5043d7fab81,2,False
ed7fff4f-95db-4528-825a-c91499004d27,0,True
af32169f-8d43-4b61-aed9-d106ef77499e,1,True
ace744f2-6c37-4115-97fd-7d861f86006f,3,False
5bebe9cd-dd95-49a8-ac9a-317d38b38e7c,1,True
fd8bb458-9c4e-442c-b880-8e74eedf69f0,0,True
93de7668-90b1-465e-bc8b-4aeff0ec193c,2,False
990733fd-c237-4d34-b5d3-acdc440f2f9c,2,False
347545c4-ee11-4ca2-861d-aa17119ce0fc,2,False
95e87d12-b8de-43e6-a8d0-2465c1d427bb,1,True
26abf423-c582-432a-b67d-1682b90c06cf,1,True
16273204-d393-47ba-b70f-33e52fa5a8f7,0,True
7adb82ff-4d34-4492-9b98-0effed88f414,0,True
7c87a0c1-c298-4e66-9e88-f6b583991806,4,False
9b2b5297-651f-456d-bac5-db43de31a993,0,True
f4e1fae6-06cc-4a48-a80e-1b7ad07a9d40,0,True
ac034f83-bdbc-4810-ae43-f222cc008f7d,1,True
c0067d19-0dd8-4796-b676-abd02893b3cb,1,True
58c16d14-a518-4a7c-8836-9f785b650c9f,5,False
289b6d4d-a851-4067-a309-ee4edf174a04,0,True
fcd764c1-3c1f-4c5f-8099-7a12c5a63d0a,0,True
1d019681-f118-44cc-96f2-7e161b6d3a35,3,True
91ae4843-a676-4935-92bd-dc794433a26c,3,False
a5c5e2eb-7409-42fc-b891-024d8e7116d0,1,True
a17b30a1-4e18-412b-9ab2-c9b99f769bbb,2,False
437d9a14-f501-4504-a082-28e875dd36e4,0,True
abdb6317-a20d-46d4-979e-383cb1801a06,2,True
fb6b4818-db11-415b-8dbc-c9203d86aa34,0,True
ce813ca5-cd06-4fc6-b737-a05a4c7d0d1b,1,True
8b16af4f-ab5d-4601-ae44-7ed9713ac32d,1,True
84783415-1b9b-46bb-9494-069a49b70c42,3,False
7bdd8362-5dcc-4ce7-821b-ce80bcee8dd3,1,True
4591d0bf-5be7-4cd4-9624-0dee86c2fb61,3,True
62b3eb83-2afb-4845-8451-d94f45b2661c,0,True
aa6c34b6-3ba5-414f-b62c-34609f27819b,1,True
dd31495d-653c-472e-8472-bc0fceffe084,1,True
c49517e7-207c-4c5a-9500-6c5834b398a2,1,True
f1a579a2-2f2e-4aea-9cdb-a0e9226cf5d0,0,True
86ed1e03-e2db-4e08-9f45-40b02915aac8,1,True
f6f47a14-30ba-4271-b106-0eae5bf02f58,1,False
a7bff824-befa-40dd-93aa-c0c4a9a276f6,1,True
a287cfb8-953e-4bc3-859f-1427091caeb3,1,True
38748491-4694-44f3-92db-ddba8bda24c2,9,False
47f500de-b57e-4cee-a5b2-e3690ad3a041,1,True
cda02538-7f82-4840-ad15-0f9b0c738d83,2,False
fb0811f3-bf7f-46c5-9c3f-0141425f5fde,2,True
70919c64-0e7f-4f39-ab3a-1f9d0eb2b95a,1,False
304049f6-277d-45a1-8269-8554774baf1f,1,True
6d556ca1-3f6d-4abb-be51-8cb7f9d9d1f8,3,False
45dd4c42-db29-4ebd-9622-cff8f975cc81,1,True
d494328b-8f68-41bf-a69b-2c17c22e65c8,2,False
02b54ef4-fbac-4c66-a484-125ad4526036,2,True
7d39a383-503f-46f1-9f8a-eda172d05e69,0,True
b501347f-112c-48ca-9a32-8f220be3bf51,1,True
57486c28-f769-459d-97f9-044a80fcc019,1,True
2da4d14e-918c-4836-9fa5-bd93de04ae66,2,True
bfef635b-d777-4f37-a80e-7d42989094f0,4,True
466c5c5d-62b8-4de8-b7e3-95dae9d8d48a,1,True
28e16829-e7b1-4326-9b69-b89f88e1a6e5,2,True
2f33c939-9fab-4b1c-8cc5-3e6011b7d2d1,0,True
3eab0666-31bf-422f-b8cb-8b29104af7c7,1,True
b90689d6-bff5-4018-b74a-66a6c306a261,1,True
79ea794b-2b1e-4c98-a653-25816cf69dc7,1,True
1db5c582-0f00-4b2f-a536-7f052021f97a,0,True
02e98327-1559-4af6-8c82-9a0b4f244bd7,2,False
bdb2f56b-b765-4578-b24f-c24886c547e4,0,True
06a02f03-354b-4ecd-baf5-97a4d6d889a5,2,False
a6e15031-3c92-407d-838c-c6794d88ad85,0,True
f6a7d29a-3aff-44db-9fc4-dda0616cba6b,9,False
ff45fcbf-8b30-486f-b8fe-150357b412ff,1,False
97ac6bb6-0cc8-4dba-84df-ff6298a063b4,1,True
c8fc93a7-53c9-44a9-9828-f52667a256f1,1,False
d5d3c537-69d4-4ade-b530-bc33e7333adc,14,True
4355eba3-6525-4d4b-a446-644654413dbd,1,True
a4117ad6-f230-4935-bb9b-483b20c12ea9,1,True
af2009cb-d6e8-450f-9087-ea87024b2b28,0,False
198570d7-24ed-4559-8bba-c4a3b65336d1,1,True
dd1b90f4-d9ed-43f5-a06d-ee9287ddb48b,1,True
86693512-ad5e-4ac9-8644-3d67d32687e1,3,False
27bda8e4-4b39-4479-89d4-53708c698585,1,True
24ad8c31-f292-4dc3-9547-bc2c8fcfb7c1,0,True
831b7849-e53f-408d-a079-007dd6c8fc7b,0,True
6a05a839-89a1-43b8-ace6-55bb76598193,0,True
77ae6831-dad4-4f08-a4a5-37436c759eba,18,True
20c00755-9406-43d8-aee3-72cbaf5ae0de,0,True
dba5a014-14bd-4477-8ef7-8fa4c00fb901,2,False
a3cc7b28-a534-456a-aec8-0b6bf8f52cf2,2,False
138b2d94-a6c0-4d82-a83f-c90f5d85987e,1,True
07ee9f2b-7b30-4e02-b2b7-8e239e7cb1f1,2,True
29cc1b14-57cd-4707-b6ed-8a868f18e4c3,0,True
532fd3c6-1df4-4532-9dce-c1293ca74c51,0,True
c607b29d-2b93-4053-90a4-e9dfc2f4a16c,0,True
90339669-c119-47f3-861c-7c92b95c2e3d,1,False
50d91e8e-bc04-4625-b5c0-2acde6adcb6e,1,True
95b18d5c-b757-453b-809a-338004a7ec22,0,True
2902e1a5-1382-4c04-b987-a9c2db02accd,11,True
8384506d-ae6e-4548-841e-20729fa89528,2,False
8caa5dfd-33fa-48b8-89a4-98ee7badf181,0,True
39f38463-cc9f-425c-a552-bdbca4c24405,2,True
2e30abac-7c46-4150-898e-15cb50a50b80,0,True
2dbbe7f7-702a-4a98-ba02-11a7c3efc3e3,1,True
337e7ee7-ae2c-4110-a2fd-94095f246908,1,True
c2c2c3f4-cead-421f-a582-c8fea6c7b8d3,1,True
600aff1b-c416-4c80-8b33-6068da5762df,1,True
26819cbb-8257-4188-a488-c5d9153c9e9b,0,True
f4e6b09f-136e-414d-90d3-a4515945d134,3,True
5f96eb70-cb15-4ae8-802a-87fcb3ba8f0f,2,True
f9fcdbb3-0649-4986-bd20-4623cc0bef57,2,True
9411a09d-fafb-40db-a13e-d794a69e347d,4,False
1682ba29-1217-435f-afd6-7ae657211ae5,1,True
63c22144-de89-47d5-b174-44fc61a5d566,1,True
0fcf4520-a83b-4771-a5d2-7db9c67b237d,1,True
acb13ac9-6d70-49b6-9c2f-e344ef5c6c58,1,True
d0f40607-8085-4af6-80d4-561c68c6fc64,3,False
55e09f7a-d29d-48cf-8504-7d9c415aa65e,0,True
7f65ec40-f643-491b-9bb1-ca8fa8da1061,0,True
e75d1928-a319-479e-a586-b9d6caddd491,2,False
d02f3b6b-1457-4336-bb78-3126d01794c9,2,False
e76f9fb6-e0c0-48b5-b1ef-bc083df3919e,0,True
e7d0068c-e095-44ce-b705-14f041892110,1,True
a641c1ca-b288-4e0d-9d6d-f94c3a355b47,7,False
f0ece616-d967-4f79-a8ad-a14de9dc242b,10,True
8cbdbcb4-3b52-4903-a2f4-836755b1b9e6_domain1,0,True
3b249f60-7ff6-44f3-bfaf-0cba70534bb0,1,True
21b3b50c-b9af-4bc0-a65b-81afa48d947f,0,True
27a7d864-ca6d-44ed-acc9-1064be8e0c2f,2,True
4fe192ea-8571-4bf3-8bfa-28911fa5d9f3,2,False
8bbf1b1c-f682-4272-a0fa-98314cb2a677,6,False
0374234e-65ea-4187-b444-00605c761071,1,False
a60782a1-8461-41ff-b8df-3d4d77a3a64e,0,True
d0ea8613-e839-4ef2-aa10-655fbbaa2b05,1,False
cb4bcb01-376d-4e84-bfc7-ff1934edd74d,2,False
30e04b80-77e9-4542-90b6-b1cbce6d8561,0,True
ba6fa8f8-f786-4621-81b4-c0b5bcfff82a,1,True
78770875-88f8-4179-8e9e-8610a4c49c39,1,True
cd80c5c1-26e1-4fdc-8443-0852b341ba74,2,True
33eae754-61bb-49db-bfdf-3ce2df9d1ba0,0,True
51862cf6-2eab-43af-aa32-6711e20ef261,2,True
e35162f3-6506-491f-85ad-dfa814136034,2,False
3b119599-f232-4224-a491-3c7c13b730c2,0,False
894b6461-8a4b-47c4-9ec8-118fcdf652be,0,True
9293c16f-7fc1-4917-bdd9-73716699742b,0,True
d921243f-331e-42d7-8dda-ad8cf60419d0,1,True
9c5e9fe5-3234-4ad7-a236-457ed2a3ea5b,2,False
333fbebb-3208-4203-889e-cbb235cf5fed,4,False
b16963c3-d13a-4af7-a3ca-1f560a870beb,4,False
b2ede3e5-6498-4a3a-9642-898e348cf1bf,1,False
afdbd749-7224-457e-b773-a26232bf676a,1,True
32e345e2-ebee-409a-93ca-1d004f33b8c7,0,True
7d87ebc1-94c2-453d-bac2-e81d10b8d19f,1,False
a5afadfc-6652-4b32-b6e0-424f9abdb120,4,False
20f0d26e-6de0-425d-83d0-0308a1069bdf,2,True
830eb85b-7588-48ad-8f37-afd83a9b2117,11,False
f887acf8-a673-41e2-be9c-63fd4df7b0a6,1,True
4d3502dc-7c18-49f2-bd9f-9e764d78b527,0,True
f473fcb7-fba5-43ca-b9d5-9744f51fde62,2,False
c877d587-0982-4e8b-b777-a21681dc9954,0,True
272c888a-135c-4dbf-8dde-9e42dd87f7ae,0,True
e1ff47d1-3645-4a2a-ae67-ed076cf453ae,0,True
98b2836d-32b1-4210-8ff1-97241ca0e8d5,4,False
ec02ddb8-938d-4866-81cc-2ce36c651228,3,False
c0817a28-724e-464c-a7ec-a392a716b49b,1,True
4f570e78-8782-4611-95ec-3e89a97b0803,1,False
1bfe9986-8f48-48ec-a7b4-d6dd377e7176,2,False
2d23e8f3-ba86-4852-87a7-2d41d8b4ee36,0,True
af077f81-9763-452c-9ac3-ef9d9448766d,1,False
ed17452a-2371-4bff-b2df-dd7b0957dd69,3,False
b98ec5d8-43c5-45b3-8d77-44075fae4d5b,1,False
345649c2-ec24-4096-9df0-ebad995806a0,2,False
25bbaca1-61a2-4e91-8da1-3960451c4133,0,True
5d2b05ea-b616-49d5-bcc8-1b04ca8779fc,0,False
10e19b9a-c988-4f95-86e9-f00343d2ad1d,1,True
e6ae1aa8-7392-48f0-9d88-cbd9584eb8dc,0,True
c29f95fd-511d-4929-a6d4-ff0840fd4647,2,False
0227c642-2507-45b1-bd2e-325fa9165b3a,1,True
cd983f1d-0688-4674-af72-9a1ca3be0259,1,False
4b3952bc-4c6e-43ec-a7e2-44620b8235a9,1,True
44183461-14a5-4703-9c1a-151de3218d35,1,False
715b8be8-50e4-4f59-8049-5f27b1657c0e,17,False
1521cd9d-7db0-4169-a643-a21fd7dee5fa,1,True
0af8ceaf-5352-4ba9-a828-0b011849572e,1,True
c07bd1b4-a1b3-4e17-9047-45f94f97f756,1,True
691bfb74-7a17-422f-81c0-b48e69a81db6,1,True
36a6cd4e-9ad2-406a-85d5-97445d1903c7,1,False
0e2cc68c-9722-4cf7-b7bf-2d042e01a7e0,4,False
9162d9f2-b910-48c9-9365-a780b242fd71,1,False
f5fbcb4a-fa0b-4493-9e06-54090b7c36d9,0,True
11c97ad8-9294-4b2b-a5ac-1aa5f2573649,0,True
bf439ac0-c5ae-4703-91b0-157891ff71d8,2,False
45649b6a-de3c-4f48-9a12-6ff65903f96a,1,True
24f298e4-88bf-41ee-a95e-e3cdeda2be77,0,True
b21bf0de-8571-401a-af35-84d0ee0d916d,0,True
52502f9c-ddb4-4e05-98a5-fede612669ce,2,False
6a9a651d-29e6-434f-b833-6bc2e9f37475,1,True
5c04b555-4c78-42ed-959f-486d163258f6,0,True
43ca0637-6cbc-4ec0-9cdb-7d5c5baecb9f,2,True
b2423825-772f-4026-ab50-ba5a1a4139ce,1,False
9e49e59d-f951-4b20-a776-e8be69d6d387,1,True
53a94e9c-4e5f-40b2-b319-0a1fd7dba10b,1,True
5e5f2aa1-f135-47da-929c-d68202ac7225,2,False
2996e48f-992c-4d3f-a974-d94ad36f5260,2,False
b8229632-c1e5-4cdd-b7d7-2e25e40360dd,2,True
4e5e9ff2-b2e3-4333-910f-a4f7670aabba,3,False
0b22b56c-5c69-4277-8480-602eb589dcb1,2,False
c4fdca93-55bd-4dab-9641-a61c81d01538,0,True
3b14bbc9-336a-4d40-9f85-a77a071a6c49,1,True
61e6bc60-fe03-459d-b54d-b8bf462a7a9f,1,True
9a6b2644-23b2-4b89-8d2e-bb9001556992,0,True
eeade872-0854-4d5f-8509-318b7eab0c8a,2,True
7330f75a-d8f9-4996-a984-8bd695df084c,2,False
5ac68b3f-dc0c-425c-8791-73d7fb509527,0,True
6816f7de-8aad-4491-8825-a31b6c88c0d1,2,False
4527e971-b07f-4ccf-af9a-0a41da0c6656,1,True
9a778fca-8581-4a04-a3cf-ab061195910a,2,False
e4aa2f04-a03e-42d5-8128-8ac620618436,1,False
295e8806-6eed-4a94-8901-549e624ee986,13,False
df291ba8-3bf0-42d5-8261-4db301bd74dc,1,False
adb277fe-6940-4dbf-a8f4-f40a14aedaed,0,True
f0636b3a-e2ff-4418-b87c-a0e5d43bfac6,2,False
5470e900-3f35-484e-b3d3-83ecb14681b5,1,True
def10b5f-3933-4230-847d-1d85b01b4530,1,True
7e4c79ce-b46f-43c7-82e0-7f960ed1cfbd,0,True
8edd9125-d7e1-4ddc-bab6-b285b26bfa31,1,True
b65bb840-f622-4a80-91ed-de06bfcca57f,2,False
8a868e6f-91ed-4bf6-b714-0b17b12604b4,0,True
e1798421-0c80-457a-be17-284db9b8248d,3,False
194e4e51-28f4-4d05-a756-0c8ac220479b,1,True
b657194b-9d1f-49c2-9226-fa82ce2c442d,1,True
3d64fe47-e96d-404d-930b-9127def76c2a,2,False
7fb3ccdf-4729-4dfd-8496-6ec27f57d137,2,False
845704dc-b44f-450a-9279-ec15f6f96247,4,True
d6e430ef-175c-46fa-a629-507e05dbf4b6,1,True
c661bcb4-051e-4929-8014-42a585a0800c,1,True
b202ed74-4124-4f05-af30-630081b548db,1,True
b45e3e10-38df-4b64-84fa-7d5310460e73,2,False
68f58fb9-5b9c-4160-82da-f74055770258,1,False
e2731b69-6044-49b5-91a6-8e2ddd207061,2,True
697a2fea-b22f-4ead-a93d-57b61775a73e,2,True
bc5b3faa-4dff-4d3c-bcde-2cb3b8f26950,1,True
9f9f3262-28f7-4ffd-830c-193ebde8b6fe,2,False
375af943-bebf-4334-b13c-ce9270ef3332,0,True
b9e5886d-6822-4669-9c73-73a9489b2bbb,1,True
67d45efb-e4c0-4347-aa37-fb779f879950,3,False
362c28c3-64b5-4e33-a31f-83415a0fda00,0,True
008cb89b-82bd-4cc4-927b-a8c7fa50001a,1,False
99869b1b-ad6f-4f43-afba-8d010a62ac91,0,True
74101485-ef06-4441-af20-6960be22982a,0,True
f447cfc6-430b-4608-bf70-9e520a5f0ce2,0,True
96738fe0-26f0-4570-81b4-f31fff5d2a7d,10,False
547d7d09-d384-4596-a295-21d55d0187d6,1,True
f622c01c-d495-41b5-bfe7-e94d9a973f86,2,False
30af2a8c-5878-40a5-94af-ca455b7a5c10,11,False
bfbd3f98-74b3-4288-8266-7088c3e0cbaf,1,True
a7c79b72-996a-4468-92e7-b963bee159d1,1,True
3337623b-d7c2-49ff-aab1-636f3e9ab872,2,False
ce2c22d6-ebbb-4fbf-a0de-dc8d07bca8e5,0,True
e096b1e1-5a20-4ce8-9579-9bf6e0454e30,2,True
18a935c2-7e4b-4800-8bfd-59374bb0081a,0,True
03635faf-8cda-47a8-aa8c-b776c8dc2cbc,0,True
43fee5f2-6495-419d-82c4-23955ff1b02d,2,False
8dc4ad97-d997-4833-a0e0-cd679b0d7292,2,True
55ce1486-6ce8-4b1c-be21-535dc61aa99d,2,False
47698eac-4207-4d72-a32a-7554e90ffb6a,1,True
40ea4930-b5f3-44af-be7a-12862d32b05c,3,False
4b59931f-0ebc-4968-93c4-9b3ccd1f9919,1,True
54455e90-7767-4019-931d-7cf7cb8ee76c,2,False
cf502352-35aa-4db1-aeea-105be3c7f9be,1,False
43d1c6e4-8631-4973-87d7-d937999c65af,1,True
19f6a33a-92ce-465d-9407-a0f17ed2300e,1,True
44e1d293-ad66-4b62-9257-56b6e5ed6091,1,True
b6453a5c-9909-4aea-bec2-5dbf20f8b905,1,True
4040ec29-fcf4-48bb-a1aa-2caddaf7a8e6,1,True
a47faf99-b351-4baa-86d2-e275b0fc1600,9,True
3d8ffc53-6b44-48fb-96b3-10313012a3b1,1,True
a4b30a68-bda3-4de7-923a-3bea99ae4f2e,0,True
69eefff2-6785-4aee-9839-28d18eb816c5,0,True
89c6a1e1-4857-426d-ad13-fb884124f857,1,False
5252e991-908b-4c3f-b2fc-742859c4ec59,1,False
2643a237-3999-4b12-96a4-63b04cbba0f4,2,False
04adc1df-6d6a-483e-a7a0-431f4ed44c17,1,False
a8adbd1c-18b2-4bb4-9f47-8ffe2d80a27a,3,False
c1ffca53-d0d1-4bfc-93d9-e52fe077d9ab,0,True
42ddbdc2-5bd3-4afa-83a0-49add14150ef,4,False
04b9c4c7-68c1-4294-91c1-f37cc83f4ed5,1,False
0235e44f-74d6-42d6-b132-11517d32411f,1,True
b8617d55-54c3-4802-acec-54d2b553a720,1,False
4350417f-f887-41d6-8099-6435276ff7fa,1,True
306aedb2-06c4-4176-a318-3b6557a9c2f9,1,True
40d32a47-295e-47c7-9136-66fdd0bdc483,1,False
bd0a4b76-4543-46a6-9a03-efc03f1110e1,0,True
90d5e67d-b3e3-4ab0-a4f6-d7a9f1030358,4,False
2c62caa3-f0b0-4b5b-afaf-3296784f092d,22,False
5a3789e7-8e39-44d1-8b47-d3923b5ee201,2,False
97753bdd-ac2b-4298-a643-5c9f8e13bd8b,2,False
0fb2ca5b-1b77-4bcc-aecb-335ee8113e6c,5,False
97099557-ed95-48af-a440-bfc4d6767218,1,True
787b6223-de22-4b72-af45-fcc9ef2b213f,1,True
73d6d70b-0c16-4a5b-bb0c-42177e26dec1,1,True
c15010f0-7f64-419f-b92c-c39bbfe35f5b,0,True
dd252954-012d-47c5-817b-a668551d504e,1,True
bd4dc71c-54c1-4963-9d31-0a219389a24b,1,True
4e8ddf0f-8e44-44c4-ae56-032567ef3a54,0,True
26910a11-6c20-498d-bf91-b9e9190f137b,3,True
cd6deefd-0106-43a2-b3c8-2f0e7b6b8a7c,0,True
935eef9b-1da3-4248-b059-4066f0908cb6,5,True
3d7c987f-c91b-4cd1-a5e5-f649ab95bd52,0,True
40271058-bada-45f8-bf6d-51d8218facef,18,True
f92576f4-f113-467d-aad8-75bfdcf69924,1,True
795bacd4-db33-444c-ada4-440ed38c8bde,1,True
6231463e-b062-4933-a2b2-17577b8bec10,4,False
4da475ad-df1d-4637-8b29-19119b5f1d5e,6,True
b05e96bd-a43a-48b2-af54-f15db9a04563,1,False
df879951-fef4-45ae-b68d-e65fb5ee9103,0,True
89ae1658-244e-4a93-87c7-5913e233b39d,0,True
63199253-f2ad-45f2-8440-c5dd7689f2f9,2,False
95a78108-69cf-42d3-8f8c-a426c2dbd142,1,True
2f0f9464-b21f-4b59-ab09-4cdc9215d157,2,True
fab19024-2e7b-4eb4-96e8-10d8df72c347,0,True
7d764b85-bbbe-486e-beaa-452090326b96,7,True
02ecf693-0c83-4b7f-ae40-d19b39762944,1,False
afe69ef9-d7df-4b6e-a842-91fee516c737,7,True
11e26e31-8899-4651-bcba-a7830cac0a2d,0,True
2c5b25b7-e7c7-43cc-a8af-b1308b65b191,1,True
439e7feb-4a22-44bd-a7f7-20ae06bf20ae,1,True
1cd42518-e00f-45f8-b637-ce422ba1bdc6,1,True
da7ccef3-2d0e-4381-90c7-b085f7fbe4ca,2,False
0be6e9ce-3323-4bcd-9655-da3407a589ac,16,True
8e620f32-e85d-487f-ad2c-0e09f66bec22,2,True
a223f636-6f55-4984-a6a7-1444a6327cff,6,False
1f9815ae-49a7-42b5-838c-db173416185e,0,True
e7c8b7db-125e-4de2-9270-8b51364d7a5e,0,True
ad9936da-8e56-4a14-bac6-92a4f801cf37,2,False
07c4738f-a566-4439-896e-34e5eb1470aa,1,True
16e3e4c0-9fad-4723-9101-83ab333bb1e3,2,False
a788c301-6361-44ff-8e2a-1cb5b73cef6c,3,False
2002de58-397b-42b5-9291-7bbf2be4f909,0,True
4afdb0bf-515e-4d3c-b1a6-296d9dd48a18,14,True
f8fb40b7-f39d-4a04-add3-93f5036fdd6d,2,False
9dcaaa26-3223-44a7-a8b6-90c5f6914fa8,5,False
e931c119-5114-4de2-909e-beef55edf54c,1,False
38c68f92-7a54-42aa-8cae-0c3831b38774,1,True
28261c30-a355-4846-948d-6128a8b52096,0,True
4961f0fc-d12b-4f5e-8fac-685b620a3166,1,True
129f1c51-4ed0-43d3-939d-b95546c3126f,1,True
0af97172-660c-43d2-b2c2-f999bd872b4b,17,True
5ed02df8-8220-4e5a-aa60-e9b13a807b09,0,True
146b828e-7c08-4fbe-a447-8cd29b673e66,0,True
e734eba4-dff3-46d9-bf6c-05325ca5f35f,2,False
14976b4c-7234-4a17-ab29-8f216d8d2f16,0,True
e4216d90-c6d6-422c-b774-1de16e1f379b,0,True
522ce786-efc1-45e5-a374-7de428a0a66a,1,True
a5fefdcf-e839-47f8-9f3b-4ccba71de087,1,False
29e55340-3020-4cca-b458-fe82a2b39d68,1,False
a4b21afa-f5c4-4246-9c06-3c45eaa78424,2,True
c8b8684a-945c-48c3-a4cd-10e6dbcf25aa,1,True
f21c82bd-a9c9-439d-b914-b6d9857984fc,1,True
ff2c1f0a-74ab-48b6-8e7a-a3e1130c964f,0,True
51376671-e98c-4db0-bdbd-ec2663e2ae55,1,True
02678b22-ea54-4248-a7f1-1cd751d406e5,1,True
ad86703d-4d9b-4e5d-b3fc-646a8ea5ac83,1,True
22fdb4e6-efef-4f32-8e93-14a3f77cdca3,1,False
c2c9bfe8-8d72-45df-bb11-c9173ae47f2e,0,False
a0f83da4-2b67-4379-be70-745f7e65319f,2,False
9a8b7771-b65a-4b0f-ac61-5e213c860102,5,False
281f0856-0aaa-4369-822b-eec177f1df2e,3,False
7ede0590-b323-42fc-9d18-b895d1718ca1,1,True
a73a55ec-6b36-4c81-bcab-f0c675f24b7b,0,True
178d4d44-5c1a-49e2-ba75-229fa3bd38ea,1,True
4612d88d-0fab-4161-bb8a-0eedfd736eb4,2,False
41d06838-360d-4f5c-a68b-89a65b415935,4,True
14ccfd1d-e0f9-4721-a851-e5e863d8c2a3,1,True
4f3e1b6c-da55-48cc-ab3f-03c1bbdbe1a1,2,True
71f045a5-2c60-4f1a-a5b1-20712022ee2f,1,False
0de518fc-8f16-4c16-94dc-ce630aafadc3,2,True
a9b917e1-23f5-4113-a464-1eceafa3ce6f,1,True
b8a97222-7b15-4a91-86c0-c816895570fd,0,True
a4906276-7e8c-47dc-b817-ec414106629d,2,True
5d4b0a74-a2c8-4b55-8e18-a1b7db435849,1,True
2c39a72b-d304-40ce-b731-de2ad63a4694,1,True
09ebf943-cc15-4b48-88f8-359f525bed35,1,True
86a0b48b-a837-4749-bb0b-1e89b5b06a9f,2,False
59896a96-22cc-4b9d-9ac6-3cf9662fa159,1,True
0815e714-4660-4b5e-b9ff-70a06b74868e,0,True
fc2dfe1d-7e4b-4a20-b92a-b281dc1abaff,1,True
89e4952e-0ea6-46ae-b5fb-26b2c05a3eb8,2,False
d96e6727-d965-4f81-91c7-2292c2c9400f,2,True
d9dd5112-944e-4f38-9487-5cf0e836763f,2,False
4b16afd0-266e-48c8-8a55-f80dd34682d7,1,True
e099ff87-4441-4257-986c-7d29a96245f6,2,False
f6e173de-ed26-4049-bfc6-2af7d712a0a4,0,True
fbc92f8d-a62f-4769-830e-4525d27a248e,1,True
60acec1a-be2b-4e83-aa8d-2c86f5009562,2,True
1d302976-3b5e-45ce-a851-cb95eef3332e,4,False
47d73d14-35f5-46b6-ad08-4d52a40972b1,3,True
5c327248-cd05-4757-8489-b01bab2a126a,10,True
e0f09b8e-2803-436c-afed-7838f01cab93,0,True
acfeb980-ef9e-4c56-b712-dad5cbddeae0,1,True
0adcae3a-bc3e-406f-b7c8-932cc1dd8a15,1,True
cbde8a57-b9a3-4784-b812-04882d903631,0,False
398fb96e-b829-414a-80f5-48100fda72a0,2,False
62ed26c1-e1a6-405f-90ab-7931935343b9,8,False
58f31cac-9704-40e7-8120-0e0dbfe55c07,1,False
ff02ab09-da76-4b4c-bf71-34f54813deb6,2,True
d6597fbb-929a-4602-94ea-2c5a699706e9,0,True
ef0e3da3-6e44-43f1-998a-a46399d97beb,1,True
5f7a3786-b77a-46eb-ac10-beb9f6503f38,1,True
ff277e8a-c25c-4a0b-b7eb-8c7220bc25ec,0,True
fdf4fccb-d925-4499-9467-151145480e60,0,True
fd48dd9f-940b-4772-aa7b-e226b27b6371,2,False
73b1b3fd-07c9-4401-bf30-be288ae75ad5,6,False
7a8d14ba-0cce-4813-b13a-6a5a0aca1301,0,True
3528736a-3774-4f2c-846f-db7141dc77e5,1,True
58b2f817-a358-4688-8127-26de2305b2a9,1,True
f1d4550a-5cc3-420d-8b52-21c262f89773,1,True
6037346c-0168-4c0a-bdfe-29805adee04c,2,False
ade32994-2de1-49ee-b8a0-a1f2ee2b12a0,2,False
8a1dd59b-35c5-4292-b668-45dc145b8c97,1,True
22a179cb-9d9f-4812-86dd-b7edcfa4556b,1,False
244d7712-c29f-4f2e-b159-4790cae02509,2,False
371b2312-6b86-42d9-b221-e86feb8034fa,1,False
92f30426-9a41-40b2-98bd-96e30631ae63,2,False
cb9faf00-665d-40a1-a9ce-89bf63451ee5,2,False
9b754440-a8bc-4123-80e3-5b3f23ed888f,1,False
3156f16d-85f0-4d7f-9af0-c36754f573c9,1,True
af34ac23-90e6-4e72-b610-228b0b9bde8c,1,False
d56a8d65-b8fa-4d63-abdd-dfa23d2d779d,6,True
244f60d8-b6cc-4ec5-ad86-5cb734c06ab2,2,True
48ec07a4-cbf4-4142-97e8-6f270d20c427,0,True
75905b51-0067-4886-8dbb-556b53a39f41,1,True
0739ae10-3d58-40ce-9305-a990f1ea0b32,0,True
dccc71d2-0044-48f7-8f8f-e1f3a3f08cd5,2,True
5a441277-6ab2-4264-bb3a-01b7e31c1582,1,True
bbb760cd-468d-4bfe-b7df-4c084bd676e2,1,True
7c0dbd40-b57a-4eae-970c-fc8c93ff8465,0,True
1067c247-28f4-4858-859b-ccf4830ac6ea,2,False
e131d2d3-3a11-4c9a-ba20-334cf066efca,2,False
56a59fbf-6614-42f9-b019-c6d2d7d6a255,0,True
2f386958-bb85-4643-96ac-0eac6b8cc154,1,True
ce4ed14d-877a-4cef-a4bf-81561ce9f1c3,1,True
dcbb0bb5-67d1-4d2a-adca-cde0751aff1c,1,True
c108e80d-7d61-4bb0-8fda-9940d72b66ff,0,True
60cd83cb-ec4c-4ce5-9dc0-8636ae925924,0,True
7ab40705-7a4b-4961-ae11-e22a125c2b5c,1,True
5232aab6-525c-47ba-b186-0267fe0e181f,4,False
618a30bb-ff2b-4b24-8b03-91c51ce0fc40,0,True
9cf60ef7-cd25-4fc7-b264-22b46c9824c6,0,True
63e0be28-b5ad-4f1a-839d-35304d83694c,2,False
41ee53ed-c109-4c9d-9740-d7bcf4935fba,1,False
71747940-e151-4366-bfde-81561ae8b0ab,0,True
666c2fa7-fdc1-4585-af22-5a88d3da715c,2,False
e36cfb9f-44c5-4d0c-be3d-7ebeea2fd76f,0,True
f48e6250-7a23-44eb-b47c-a8af1322669d,0,True
3aff85ac-a674-4105-923a-f80acb31e505,0,True
b7a9d76f-879d-448e-b35b-56bdeeebef7b,1,True
c2c79b10-0a76-4135-85f1-4d617198f95d,0,True
c3cb65c6-513f-45e9-bcf8-068c17b5bcbb,2,False
66fd03f0-2345-4d64-8322-1d1753c2ac58,1,False
38253410-8be0-48f7-b0c6-f0638aa5a9c7,1,True
3f14c85d-8379-4ea5-bad4-c4fa7cf3666d,1,True
a2b5768c-f9d7-4911-83f9-d61eb557f937,1,True
5295025d-75b5-4438-952b-de86f4267cec,3,False
72cfe40b-5b99-419d-9b27-5f17a62a749a,3,False
1b0967b4-e853-4187-b258-18444ad3f030,1,True
601d6c6b-14b1-4f43-b80d-f613c8107075,2,True
24b5d0a6-d187-4f5c-8c82-76d3a41db827,3,False
cd84868f-d0da-4998-a8ef-8b6288bf0393,2,False
2f75459f-7f62-4eb8-a5ea-d39f91cbd9f7,0,True
fc1e8c1e-8011-4653-958c-560c4fe7e389,1,True
69137003-f31e-48ab-b5cf-2def483c33e9,0,True
652aaafa-5187-43e9-8ccc-cd666dc12ec0,0,True
66e9a3c9-f34a-4cd5-9435-722d36d68dc8,2,True
6b7dc619-2ee5-4ef1-876d-005bc6e73d4a,1,True
92134a2d-50d0-4de4-81e3-efc912a25be9,0,True
2b8d811b-dbc1-4b18-adc9-e40bff0dad8a,2,False
3de4534f-9ede-40a2-b675-4d3396e92edb,2,False
96d1a48c-fc28-4339-b279-675f3ca094e0,2,False
55cfeb63-a017-4d1f-b755-2d82b87a2a57,1,True
fe5eebba-c431-4519-b152-bbaeabd6b4f4,1,True
e55e60af-1c08-49d0-8f73-f827f0a6a0b7,1,True
ca644c9a-0a2f-46dd-a16e-382c43877a04,3,False
e6ff1184-1af2-4140-b93b-d46092a7864f,1,False
14393753-16b0-421e-b8e2-0a4778ba3bdc,0,False
20fe76d2-d75f-452c-9fe5-f37e61c3cb08,2,False
2645358d-cd4a-4391-bad1-a0b597ea524a,1,True
a5cdd893-a054-49ff-9fee-66691706ac5a,1,False
b4a533c7-7e69-4454-a6b3-2c1d661ef39d,34,False
0749f367-5bf1-4992-ae8a-819b75e509a1,1,True
7af3fe9e-676b-49a6-bd7d-36f138ad5951,15,False
05c15c2c-fcc0-476a-8992-c71481b17f7f,0,True
0bde93d7-3711-40d2-a6ca-12b93f836b0e,0,True
e3e50e88-0d4b-4c8b-976b-120c216e9e9d,0,True
4a8d6344-d122-480c-badc-38fc1afd6c1e,15,False
13d48134-79a2-4e58-91e4-223c0adcf457,1,True
97e9c3aa-c044-4068-ab2a-8805901bd21e,2,False
28a4bf24-2d41-4ec1-a5f8-b21adb103d15,1,True
8680ca32-f1a0-4a4a-aeb7-ea86a351cbcf,0,True
450b7296-c672-4e54-905a-5dbbfccde09b,1,False
2f17d38c-e705-4799-a163-a6532be66f8b,8,False
18872d1e-e81c-4196-a1ef-4eeba4c62d70,1,True
b18d9bb6-babe-459b-acf3-403e4f15c8a9,1,True
2c04f578-83f1-4a9a-bb59-77b868bc1235,3,False
55618620-9327-4130-a047-df10b6d80f20,2,True
0028a61b-d412-40f8-a3d5-047d19cc6933,1,True
87da7504-d271-4081-a8d4-0dbb83477820,1,True
3a542607-b4e7-4295-8c52-e61148f478a6,1,False
94559922-e9b4-4532-9741-82e1445061a9,11,False
427d9813-9e8f-4745-b4ef-a78e8f0605b0,0,True
617c9889-9079-4f54-9ee6-47dc971464e2,0,True
f926f0b8-f567-4ad9-a02b-4b0713d0e179,2,True
89c4eddd-0a68-4e0c-b474-1d17925d8503,13,True
398d29d7-ea71-45ca-aa88-ef890eaf67ea,1,True
f838792c-9d9a-41e9-956f-8e1547162514,1,True
dc5b211d-e2d0-4bb8-b7a4-0f50fdd4d34a,1,True
3ca1800e-bc01-479f-b2e8-dbfef78331b2,1,False
e268374c-5c66-4b8b-80f0-75a0ecaf817d,1,True
cef65b10-fd03-464b-a26a-0d5b2de0d98c,1,True
d71c7d4c-59da-4a49-8b5d-5ca7f7157c46,1,True
7a6e7250-133d-4249-adfc-2a19198cf712,1,True
b3b0e514-21df-4e2a-8ba2-1c01574d8850,1,True
62ffa468-652a-4bb6-9cbf-4e53d01034b6,2,False
0b0c9359-6bae-4080-aa62-15c9f0c56443,8,False
a4a9c52d-0e0f-431b-b860-19639e937da3,0,False
f65e96c9-cd33-4198-8335-dd49ef276d54,3,False
01e84d40-71ba-45fe-9805-393a5d11f0bc,2,True
db8c3e8a-6217-46ae-a729-a9a2d36c04a5,0,False
3fffbf4c-120b-4ce2-b6c6-3eb3c586f78b,1,True
2ce8d5f7-b14c-40ad-ba47-85175ef377c8,1,True
a6555ee6-a5e8-4212-875d-8fd893071d4d,3,False
b6763bee-f098-4488-9616-da9408c6ea41,3,False
74d0ff15-fca5-4be5-af3a-3d821977bbc9,3,True
7a6b5529-c9b5-426d-b5f4-400daf03f178,0,True
14af6e80-f019-4c37-abc4-0cc0b1071a23,2,True
7c962896-77b5-478b-81f8-ca408ac36302,3,True
a5d42c4b-8385-4fec-9b78-14d424441272,1,True
a7c014d5-5ac9-45b1-bd8e-04725e6a608e,0,True
b47d2f9f-f978-4e3f-8505-cc8200e8d349,2,False
aab592de-a57c-4752-9da3-0da7d214c72f,1,True
05d104d1-c6de-4c9e-a8fc-30444c2338ca,1,True
281a62bb-5b40-40ca-abe0-e81a5630559f,1,True
591b1d30-21f0-4ec0-8b4d-af9387d0848a,3,True
b5b4e4ea-e66e-44d8-a892-6f568bbcc491,1,True
9456e577-ffd6-48d3-ba2f-aa77a1a32023,2,False
205002c0-fc67-45d9-bd7f-8fa2e638d642,1,True
0ac56dad-7aaa-4c01-a1b8-c2bdda1562d0,3,False
0feee3d2-e9af-40e7-893e-8b9d436233d0,0,True
53cb99ed-ffd3-4c08-bcb4-5dc50a8b0c3c,1,True
e67053b7-46e3-40ba-91cd-3568530b1e2e,0,True
5e27ef56-a4de-4ad0-bd7c-44faa22689f9,1,True
210192f7-ef48-498d-b720-c140d7d842de,3,False
36155ed1-7949-4f5b-8ed0-f3318a671b90,1,True
3c5bcc64-f52b-4d48-8131-40b3567b42fc,0,True
93ba8e36-28a1-4717-aaf7-64df5094f166,6,True
7dfcdae0-eec1-45f9-8061-50c266748847,1,True
707de281-48db-49b1-8148-3f02f1a7d5fc,3,False
ff6c58d5-5c07-4586-8524-7c68fb330f29,1,True
696b1212-89aa-4e93-9a00-e3bb3cc099b9,4,True
711d0dbc-b07a-4ea0-b3a3-cc926b1ea858,1,False
5dc292c0-69c4-4d81-9416-0170ecf4fc79,0,True
6963ade4-1ab5-4171-8c31-d82779d5891d,0,True
0341be10-6416-4a88-920f-708a0914cc1c,1,True
9bfd688d-f6f0-4a0a-9962-0527e1a7d302,0,True
e647287b-de5d-4f1a-ab95-21476ea618eb,14,False
83f5fc43-2b8a-4779-a403-675eb386669c,2,False
8f8f079b-b886-4c58-83d2-09ba633f83b7,1,True
54e05123-599b-495f-bee2-6a53a9b39231,1,True
6edbb4cd-f9cb-4889-a0dc-c95715fc0d6a,1,True
cf97ab29-8a0f-40e1-bc46-6686a6193caa,1,True
acbff54d-8463-4766-a3b5-0b30b1d06adc,1,False
6372107e-bb4d-40cd-9652-d019b81a0819,2,True
a472f0cd-9a98-4fee-8ad4-c0232a0f0932,1,True
26a6aacb-6f0b-49b6-9184-0553337bf36a,0,False
c086c458-4df0-45cf-915b-d164a30da32e,0,True
a40bc525-a927-4282-b567-27f9f9c72458,0,True
9e8269b3-e3a6-4d71-abd8-283c8ed2ac87,1,False
d0438709-386c-43d4-8bfd-f3c6ad02fefa,2,False
303be84d-478c-42fe-94f9-56e6ecfb695f,7,False
759c1f4b-96b2-4f33-a20b-dd872d326a50,1,True
ace0ec43-9f79-4a94-93c4-9ab1716c042b,1,True
7b1d2588-857d-46e9-9f2e-60bbe8ead801,0,True
a048407c-3012-4636-9e67-66882a05bb90,4,False
6cca6399-7175-4aa6-815a-6ff19e48f11a,0,True
e50d9325-dcb3-47b1-9c39-faac88065b33,3,False
20163b75-919b-4cdf-a917-e76503e1dfe8,3,False
15335122-c6e9-4738-91d4-5d11d19d0561,2,True
46f2ab88-32c6-4497-86dc-0bf8f24a821e,1,True
abb79bbe-62aa-446e-8f7e-5d4f23c0ebeb,0,True
b2eb3a1c-1fe3-4da9-9663-46c7e46ad009,1,True
363e4bf9-1972-4284-b926-76d04fc1fc5a,2,False
a57911a8-679f-476e-be86-fac48299f6fa,1,False
363c3bff-9cc7-428c-b024-9995b60f73f9,1,False
ef60ad46-7f89-4647-9c50-7eb42363c10b,2,False
e9f1028f-6e70-453a-850f-b373f4e2d76f,1,True
14add6aa-6657-4cf9-baf0-fcc62fc9187d,1,True
9222418c-af61-4718-83ce-aa353f847428,9,True
9696ca3d-ae10-4b13-bbd8-191143f632bc,0,False
11515427-82ff-43e8-bb65-cb8a3b83f473,0,True
c0e31e1b-cb6b-4110-9769-8acb1a998ba4,2,False
fccc7360-95d9-46d1-b1f5-7de10bfb98ea,0,True
4356a9ba-c42b-480c-a841-27dee575ed71,1,True
ac896735-e841-4fb6-b584-ada33bf862b2,1,True
7be7a93d-d3eb-4ba8-8ad0-70a1d9d23ad4,1,False
ee13e5ca-dac9-4254-969b-2f96f97b83b8,0,True
caf71716-27de-4693-81be-1fda2af32694,0,True
286b3f0c-e0c5-4817-acd7-dbca14d81bc5,1,False
436fed38-287b-4f70-86a9-cc8e562a2f0e,0,True
0deffb12-354e-4b3e-a041-c29e957601b6,0,True
43c3461c-22c5-4e5a-9fda-10eb68d7ce9a,1,False
af60622d-859a-4709-a494-740b685fec12,1,False
d05789ad-3d15-4499-b766-09ccf34790b6,1,True
524b0ea0-995b-459b-9abc-a486b674470a,0,True
ef12a830-9cf7-476a-b081-a78ee1bedff9,1,True
bafb8951-2646-40f5-bdb7-45e96ff771a3,1,True
77fa71bc-ebdc-43b4-afb6-c8159a35044e,22,True
410ab30c-21b1-48ed-9d9f-8fe0d1fd2376,2,False
5ecc5615-5bb8-4527-b851-e088316bc171,1,True
72b96aec-a419-4611-8c56-1d3cd7340f43,0,True
e10910a8-d6d1-4176-b991-b006a5610e5c,1,True
13f297cc-3fb5-46b5-8315-8a32d7916dc4,1,True
5db49763-7836-4591-b432-74e6e85c6d98,2,False
a915b180-695e-4495-8d25-23cb016356fc,2,False
72f461d5-5124-49cc-b4b3-03c672df9218,3,False
1ad1d4ba-8915-41db-81e6-613fd45a3ba1,1,True
128733a5-6f2b-4d91-8891-cd56614bfdf8,0,True
909b612e-4924-4517-8684-78b41b329b6b,1,True
e622554f-6a76-4cd6-891d-01ac1cbc2d46,1,False
fafefc35-4cd6-4ac8-88d0-d48486a20dca,14,True
043df4bb-8d7e-4479-b0ad-08364c2a1e84,1,True
73cf9f59-0e48-4aa3-be85-dd08cc60a5dd,4,True
fd3eda17-cd7d-4a38-9974-efcd6308f85c,1,True
d5c7dd64-a5bb-47e4-a4f2-b18cbe3443ff,2,False
b38dabe8-a906-4a74-9599-4ece3bbbc3e3,1,True
77c45290-9710-4446-975a-63ef22e99b0c,1,True
bd4e4e22-489a-4b6f-bc90-d315dc60f48c,0,True
24e6690d-7281-427f-8f19-d09e5bdd75ce,2,False
f2dfe45f-21fe-4543-9260-61561acb1296,1,True
fd4ccc3d-bfe2-44e2-9462-9b4e8b12f2e3,0,True
a278cc0a-2f5f-4bfb-87c6-f1b25796fbbd,1,True
544e53bb-4d25-40c5-8791-ccd916fe3582,2,False
34e7c50e-9400-4d11-a0a3-9524371862e6,0,True
720f3cac-afe3-438d-922a-1194cfb65719,2,True
fb72ed27-c8f2-4f71-ac2a-7b3069b3fe4b,1,True
386a8ece-f807-49e6-8768-a579cef33d73,0,True
9aa093cd-e474-465c-a424-f92ebc5de34b,3,True
d91e0956-eaf6-46a6-851b-7536ec8140c5,2,False
19c23f3d-539b-4e42-873c-1a91f24c4ee0,1,True
6d0d70ca-762f-4a7a-bac1-d0fe695e1676,1,True
f7a56f2a-3a90-41bb-9c6a-6c022333a0d0,2,False
d324c592-38fe-4582-804b-129c437fc4b2,1,True
7f821cea-bc83-495d-b9d0-120d4226046c,1,True
b2b38f86-84cc-4691-9f65-1c5294cf1a5f,1,True
138c4e33-3f51-4022-a0e6-f3c020f7236e,3,True
afa62f27-aa26-4e94-80a1-e0e1ea826587,3,False
32897a6e-67eb-457e-bc43-7ea37fbae6ed,7,True
1339bd73-e572-4bb4-adcb-fd89ff2a1e91,2,True
ecc6ffaa-cd0e-4614-b245-3662af2a10d7,2,False
2b1af5ad-e080-4ff9-8e76-c5949a071efc,0,True
f2656913-b84e-46dd-a294-8521dfc34a10,2,False
a49cd208-10f6-427b-bf7d-00115d83f4d2,1,True
2a189ecb-82cd-4100-a166-7b3b391fe564,1,True
74341f1b-fb64-465b-ae66-dcbcaba29d2e,1,False
c1123ad8-b0bd-4d9d-8e13-fab927b134a7,2,True
6a23dd6c-cc4b-491b-be8d-383e27014518,14,True
023f79c8-cd8b-4a14-b0fe-4b67f327c7a1,0,True
39a8ec96-110c-4725-8d91-b2eda50f5ec8,1,True
a5937be6-a011-4000-8541-f6e2836a6654,0,True
a28bc492-0ab6-4075-a336-77c085774217,0,False
8767c8d0-0db7-4273-bfbb-94734568ce0f,2,False
e1341a25-d6d1-4500-8603-51a8ce9053e8,1,True
c71de602-14dc-4a2e-b807-c050b95f865f,1,False
4ac61f2f-1531-46e3-be55-51133f56cc1f,0,True
e4293156-d133-448c-b26c-821ca2dd76c7,0,True
c2128ecc-4245-46a1-b31f-cc68b40145c9,0,True
ca317ad3-fc2b-4ffd-8943-9b456c291038,1,True
2b0bfa39-2831-4f67-806b-9017ae2cb466,1,True
e6b1d51a-861a-4343-8620-04b88dbcbfd2,0,True
000a6774-f87e-45d6-b035-80663fb2a3a0,6,False
a474db02-56f6-4079-ab4c-88240c50587b,1,True
02ac88e5-0dac-49ec-9fea-845c8c7b1f5b,1,True
556e866e-9a2b-453e-8836-82a7bdc1a6ad,1,True
d3264bbc-7fc2-48fa-ad3b-3067fe4a1964,0,True
3e98add5-e6c4-4b0b-85f3-826029ae1647,0,True
46f5c296-1853-488f-aa3a-fea6a01eefa0,1,True
16a1f972-5e9c-40af-9d6e-2b496749c2af,1,True
bb12515c-8007-4688-aba9-dd7830a3bdba,3,True
8873e428-d01f-414b-bd7f-c0e4d20c65a2,1,True
97257c55-2874-47a3-90a7-d93f3bb86357,0,True
3a633a0c-6041-4a78-ac19-6d0893d4b005,2,False
c1c6b08e-94fd-4e88-aa96-660fcad297c4,0,True
0c88a18e-64b9-436e-823f-77c50dc3aa86,2,False
0320c178-c3db-4db0-9e25-02e44007548f,0,True
1835a90b-4a87-4f1e-8a80-caf9f2d51c4c,1,True
c2203bbd-eb9a-42e4-9ecf-2e6340b9e560,1,True
5edf2bf3-4397-4ab3-a9c0-1c031d0a0717,1,True
31014f34-44cb-4896-8ead-186e483b1d42,0,True
f0543bb8-52ca-473f-9fde-9c53d8a86a22,2,False
fe508988-8b01-470b-a637-27583c0b4cd1,1,True
50097511-359d-4529-ab0f-c08021334715,2,False
b47b87af-7e06-4dba-9284-df204ccf843a,2,True
a7dcbd4e-b4ca-4d0b-90b4-11b15288356b,2,True
d2efece9-5062-460a-b20f-9d86243d48fd,1,False
00831543-71f4-484e-80bc-9b45112dc4a0,2,False
8f8bf549-add9-433b-9c59-d06097a56acc,6,True
b068ba1a-0dc8-4515-b4e9-996ab447efe6,2,False
368483ee-2852-4400-8555-a474073753dd,2,False
c3cb8857-f1f2-4e44-958c-f7994dfcb87d,2,True
490eaf48-d0e9-4b99-a2f4-ac4bfa16a2df,0,True
ad470bac-e71e-4502-9177-8c19feec764d,5,False
2bc7a784-fad4-4397-bab4-c00b9c57a2dc,2,False
b7acc2d6-6233-425f-9faa-39193d9f9127,2,False
b22486a0-7788-4436-b39f-d35b7c587a15,1,True
65dda99a-8491-4960-b5d0-8f7a5cb5467a,1,True
302276ef-032e-4a95-a4fa-a90113d54627,0,True
810d519f-1df4-4458-8987-1c21793f9412,4,False
fb9241cb-8af9-4701-8e78-9e85443eafdf,0,True
6d7c4b7b-a1fe-4527-b396-58d802f32559,0,True
b6b1e744-24bd-49bf-8d87-c75867739d32,0,True
b8ed79d0-73d0-4782-b2e5-9210059c2020,1,True
c8d1bfc4-6182-4ce7-b128-7e6d149984b2,2,False
4cc67936-d3e7-4a2a-9249-6ab15390aec0,22,True
512cdc72-53d6-4c02-a467-b30c2d94092a,0,True
9763957d-d8a7-4240-8c55-d7655c2a12f2,14,True
f4cbe3ee-4185-42cd-ab4e-3247b007201b,3,True
68bb823a-629a-4a2d-b163-75aed91a57cc,0,True
04f72e5a-1ff7-422d-b66b-6743f9ce5a2d,1,True
9cb45de2-a811-4704-9c37-c7623121e930,1,True
69092d85-74ae-4ce8-ba82-d82e786d706c,0,True
5e0bc887-582a-443a-9deb-5bf764491312,1,True
a213673f-8c1b-4b71-b582-880c16edb815,0,True
86c878b6-0431-4fb7-94d4-8e91ef27f537,2,True
1cd8e2c3-0d24-45bd-899f-423d69ae46c5,3,True
5289dc90-7818-4b6b-a5d2-d37c1530eb28,1,True
98cb17d1-1148-4ca2-a608-3c01aded7cbf,3,False
7a89f9eb-eb54-4722-a7ce-dc82ec9234a2,2,False
e8720d88-6fa1-4a10-bef5-a732ddf7eb65,1,False
9e1670cd-bef7-434d-b5cf-59d48863c994,2,True
b434c011-03e9-43bb-82d4-74adfbf5141b,1,True
4aed79ce-3a86-40a0-ac59-7eeb4a2d7002,0,True
b3b3544a-7e80-4460-a51e-9c0040bfad9a,1,False
ca6545f0-1b9f-49b8-8a15-4b00fed5db4e,2,False
ce290c93-4956-4abb-94e4-4be673185222,2,False
e962febe-adc2-4d73-a63d-7c19a1ffa443,0,True
b1bf96d0-29f9-47b3-9a19-6dad61290adc,2,True
dccbf162-bf1e-4e9c-8ded-7d8a3bca5d7b,0,True
ce2fccd3-a13a-456c-8893-ff707f4ce351,6,True
94d1783a-625a-4683-9bbb-6c4ec3f4c30e,2,False
ce599af2-4f38-45ed-9cd7-32f8124718cb,5,False
f19f6dde-7611-45ab-b90b-215894c8087b,0,True
a204ea0d-2dc2-4c02-ba95-a46f7c6e50f6,1,True
b82b7571-6e85-4f65-b5bd-c9bfc6d7a829,2,False
d5c23d0e-0fa6-4f46-b30d-311bf14a7394,0,True
5ae40066-02ad-4d8e-b1a3-2fd4a312e2f8,3,False
bfb861e7-8085-4305-a17d-92579b394ecc,0,True
5cca65dd-60a8-48db-a01b-03fea5de2ff2,1,True
e38f51e3-d500-4f16-9745-13d04ad803b6,1,False
3e9935cf-682b-45e2-97f7-842f8a1f96ac,2,False
161797c4-f324-4fd3-83cf-f7b01a5a5f13,1,True
cd88fa2e-2257-495a-9628-cc441310b5a0,1,True
9371abd1-8e20-4608-a928-794ef35878c1,3,True
15b8461b-1190-4edf-becf-e0cadcce6d96,0,True
ef986309-4b9e-461a-90f9-bb64be8f299c,1,True
eec6cd1c-eb95-4317-b9ec-69aa7e2c7a17,0,True
d782188d-e7c1-4c94-8530-9c0cdac7f24d,2,True
e23a4365-301e-4224-9609-e101dca8230e,1,True
a7890199-4556-4410-b4ee-59c6d2674c26,1,True
8800f63d-71e8-4b5c-ba1c-4285e20e1997,5,True
20b8f5e5-0dbf-4450-b3d0-73467c605fb9,1,True
578895a3-b3f3-43c7-bfec-137655565d95,2,True
ff17ccc4-2c2d-4036-bd0b-8e63de49d9d1,0,True
724f877a-763d-4e75-99d4-6404e39beceb,4,False
9319a629-5387-4f23-8c64-f45b25e147ed,1,True
79496398-1240-4da9-979e-8028ae5a5300,2,True
3141a2f1-0458-42ae-9455-be5f240ff692,1,False
243c6590-819a-4d38-b31b-42fe28db5330,0,True
2bb25400-7fba-4a4d-997b-a059ab83b96a,2,False
19bc6021-703f-4661-9a08-79239ed1c79b,1,False
dfe56833-484c-4c59-a60a-d3b287a1252f,4,False
477c8584-887e-4b98-a292-b84c9628b05c,1,True
c6518d0b-6c78-4e98-9a57-aa48820c753b,1,True
66ba92cd-9000-49ea-86f2-4607c664d56b,1,True
047ad763-29a2-4d7e-bda1-5441148abd24,2,False
92d2f9b4-8cc5-4d6a-8668-637cbee1340a,2,True
3e5998db-f408-4034-98b0-ee5b799a0bc0,0,True
c91850cf-8bd8-498c-8f48-44835261ba1e,0,True
2bf8fbd4-e390-47fe-8f1e-90ee75201a00,1,True
a8a0c6b6-1fdb-4157-abf6-c0abc5211357,7,False
12a084d6-c2e8-4d39-9c24-924b776f3a7e,0,True
22017fee-d94e-4189-ba50-56c3b81e462c,1,False
8c337f28-c3da-4ab1-a0ea-2b6507624a53,1,True
9f23251f-f26f-4300-a7c1-a890f8b53276,2,False
1e3b28e2-058d-4912-8a5c-9af711cc657f,0,True
865dd806-dd8b-414f-bc65-11f97fdd1015,0,True
2b14acbc-b19c-46ac-b4f9-1d10c05aab0e,1,True
545f4370-b1e4-4ac7-bc66-4f6d476ed89d,1,True
8bf6761c-54b4-4ca3-85d9-518fe57c983f,3,True
b3825178-3e41-4507-8530-6c9acce8dd35,0,True
4287cde0-2c06-4770-9952-363303c516ae,1,True
5c960e1c-3a76-498e-b8b8-ed87222c4e78,1,True
d8092c5a-99fe-4aff-81e6-c31bf81065d7,1,True
ad5bf54e-f4f4-439a-891b-8b6331ec2fd8,1,True
77d9b018-29af-4cab-95a0-b488b9aed748,2,False
892be6bd-dd5b-4af3-a8bb-75970ac10ac6,1,True
c67b01fd-2c38-4b7f-9725-253a720794bb,1,True
fba48e5b-7307-4339-a790-222500eeec6e,2,False
57a3b3cc-529a-49d1-bc24-4a1b05b7a2b9,1,True
17e3dd7c-956f-4eb6-84d7-77afcbfc1e90,2,False
a0c1c9fd-6626-4491-8e14-0fa9af5b2bcf,0,True
bd8663c9-517e-4e4b-b9f7-108350ecd980,2,False
f64d5401-7fe3-472d-9927-319401970659,3,False
2f008254-9003-42f8-ab78-71106299ee79,0,True
67c92743-41b7-424c-8e9c-dd2dbc8a8b38,2,False
012e63fb-9b07-4bf7-8262-c570d7182c53,0,False
a9d67722-9681-4e16-a984-f5c80516c4ae,1,False
c6add3e2-cab1-46af-91cc-f12a6700c31d,1,True
0e3bda67-d72b-4273-9940-bd300e0ec52c,3,True
d4a22f91-eca2-4342-9e4b-608cae7375a7,0,True
7ba5b012-b026-45a5-b0d1-8291c158c6f0,1,True
b43ea20a-9150-40b4-a137-d8e8cc62a2dd,2,True
59ded737-9f02-4e2f-a5d0-ad4e930726ab,1,True
e753c3b9-9655-41ac-a984-b2635666d463,7,False
b11481f8-41bf-496b-9346-5af20e313bf4,2,False
f2950780-26a1-42f8-aeb3-4da20cd759fa,1,False
0ab74fbc-00f9-439f-bd7a-e994ea63b004,3,True
a1b997b9-8b6e-40d4-b2c2-d0e18614c783,2,False
6802bcb2-b6ab-489d-a4ad-6e51c0094a8b,1,False
03cb94ab-b7d2-4f58-91c3-785a4e5b47a9,0,True
5fb0c289-0d08-4b95-aaa4-4725ddaee61f,1,True
5951d3d9-23d1-446b-a41e-b0251c185a0b,1,True
eb0eaa94-5ba8-4345-b790-0be59850949f,1,True
aad3c02e-3561-4ba2-8cf2-ce3e5d26ea8a,1,True
131e0542-68cc-4b31-a309-83169dcacc0f,0,True
468f42fa-c572-4023-94c5-cefd44724f20,0,True
4a5475d0-599e-4097-819e-52cbc3867d2c,1,True
ebd1ef0a-af06-4234-b664-8dbcd3b9792b,1,False
fa02dd77-2c05-4d3e-8cfd-0bd0656e2502,2,False
cabe0394-5b8a-4e41-8e1a-0ad489fa6428,1,True
bf7ffb10-43cd-422c-a5cb-5c7a089d7e3a,2,False
0837d88a-87e5-4feb-a005-211fb9bb3a1e,0,True
2637b854-d397-4c20-9754-973762ee2e5c,5,False
b98d3f65-f189-40c5-89a9-c5006e1cd158,1,True
19da5ade-abfa-40bf-ae20-9b7e0c3aaf71,9,False
fafcc68b-e60b-49e8-ac45-8b3867aa429f,2,False
5fdee3f5-347d-48e5-a308-827fee24eb8e,0,True
62e7b8cb-fe14-4de3-a27c-508c33523e60,2,False
39b6dd8a-8901-4b92-9a0c-3cf043fd9076,0,True
df48604c-36c2-4332-bf8a-373574070fa6,1,False
bdd54c15-3799-4644-8391-2ed611071281,1,False
a125f9ca-50a8-4cce-9607-b5a95087eca2,1,False
5cbbd53a-5665-460a-9213-a0602211c610,0,True
1f8fc7ce-d174-4858-98ca-968c3e3f0ebc,0,True
0cccee91-61ff-4201-839e-5da155ec04b4,0,True
0ed2240e-fd3d-4c7b-ae97-75c068642a6e,3,False
be79b1d1-a4ff-4d47-acd1-a55f2dfe7ea1,2,False
d5fef3cb-92ca-4021-8f08-c6f97ecc8823,8,True
051d9425-a736-4b9f-ad5d-9f56d9b43e96,1,True
6113eef4-bd8a-46b0-942e-0a713cf71f8f,0,True
a7ee3922-1842-41e0-93ed-5b2b45b27697,1,True
d1f97a4a-1b2c-43de-ba81-ff11545f59c3,1,False
99a5baf5-006a-4bb5-8e41-b0cf98d6fd4c,1,True
10c94790-a91b-4003-83e7-9b323e556463,2,False
523c4c0b-7bcb-43fe-b6a4-49be9bba6601,1,True
b36a1d2e-d47a-46c2-aa9b-e2b30f3eb187,1,False
f969db44-31a2-466e-b758-dade74e8cd37,0,True
c11f77b9-0485-4912-9bc6-756b0ef3d33b,6,True
b87097e0-ad75-4c92-82ab-939eeaf62093,1,True
789c5f5f-84e4-4ae2-9783-3355ad48fc7a,2,False
e023c5f2-f424-43d6-b207-b332e55e9cde,1,True
87ba9002-d958-4c5a-92a7-a7f0f045af04,1,True
597452aa-2935-4f5e-a7fa-31d32dd59a3a,1,True
15c7131c-0070-4dfc-86d2-e187d71c52d7,1,True
94eb8537-6d18-41d8-b385-f56cc70cf4f2,3,False
8d4221a9-b191-4854-980e-6be524ea256d,16,True
16f31c24-4df0-42e3-a76f-fdefb916a6b1,1,True
7b2decb5-7e03-4d85-9b28-cc1ac4a44002,1,False
3b05781e-25fa-45f5-a09e-2f6c2ecf64e7,1,True
8e271e7d-ef29-493d-b821-8029ea91385d,0,True
a2f0156a-cc9e-4827-9ad6-03896c68acdb,1,True
43958033-050b-42cb-8c64-5441fda15965,7,False
7df12dd9-b2c6-45af-a337-858e988f3fcc,1,False
e0e149cc-1653-4168-abc3-4e5459287469,2,True
f2d6c4ce-7d7a-445e-81c8-12babd3ea2ea,2,False
adf1f75d-9fc3-432a-97b6-d4fa344043c4,0,True
3c13fbe7-4900-4fd0-b14f-2b128a0acb87,0,True
67530e6b-e7e3-4bd9-8ba7-b4d96e721ba2,0,True
f974b13a-de4c-4fc7-a305-e74e8391ef85,2,True
ca49aefd-a558-4610-9ae9-4704a88d7dab,2,False
435b1d8c-8d59-4361-bb26-a8b7f72c3a79,1,True
3daaf87a-18b7-46bf-b8f0-4c77a80f17ef,2,False
b0527676-e279-46d6-8f41-4b3c0a793753,1,True
7eea587b-e217-4306-9638-1768d518d39c,1,True
de081d57-0204-404a-b424-260c235a5574,1,True
1972935f-d0cf-43f6-96d1-88d95a2f8997,1,True
e0ce89de-c480-47e1-b0ce-d77ef31194d7,1,False
7beca717-32cf-43f6-92b6-3ce83ca3bb34,2,True
b887fe7a-5095-4f5c-9d85-a1806cb6313c,1,True
26ecceee-baf0-4139-bfe5-1f43fd949d55,1,True
9ce06e9c-1204-4e94-8f4a-c3d5153de654,1,True
0263a448-fb9a-44de-bad6-c71fa928e21b,1,True
9dcb7bab-5f34-4cc3-96da-a2da07c152ae,6,True
e3030f5b-c235-4832-8f57-89ae2902afc3,0,True
df862cd3-0bcb-4e3d-b24c-10eabb0f741a,1,True
704ec318-a81a-4eef-b9dd-cdfb3c21ae29,0,True
cbc6a009-3618-4bb3-b895-ccb6e509172a,3,True
0785417f-f57f-401c-9ec0-e5b917d8fede,0,True
43167bdc-16ed-4a8b-9d30-5c2628b0c226,1,False
5cbdf8c0-a6dd-4e26-9894-eb24583e98fa,1,True
65e6cc4f-8bac-4973-8b07-4e3d2501c1b6,6,False
bf6ab9ac-79a8-4a6b-b5b0-a7b194abd58f,2,False
90be579f-9d3a-4aea-96cf-6836e3189cf6,1,True
c3d320d5-2ef2-4d5e-b28c-8e9c670b98e1,2,True
cb478afb-6fdf-4f07-8c22-9960a2c424af,0,True
a6f775d7-39ab-4654-997d-59e0a2554b28,0,True
d53142d2-f87a-42b4-9c6e-dc8eb0ae5239,0,True
05792d59-f1fa-4e6a-830d-70c65f4b1bf9,2,False
70fd705d-c833-4350-a317-9528b849f280,1,False
2f3593b4-7792-4e52-9138-304630d051c8,7,False
9d59c663-d48a-4008-9816-330b2bbe17ae,3,False
20f6ef35-633d-4352-8a9e-4273e82c3139,1,True
12c4e887-d852-4f0a-a5e9-88398ea1a818,2,False
d9bbab8c-25c2-490e-802c-6cb8f9fceebc,0,True
81c15de9-e737-4925-a9f0-3c224fc0a179,0,True
818a1b98-9d13-4882-8a71-36de689a5b27,1,False
31d5d75d-e7e7-44a7-9f45-f46035eaee3d,0,True
28aaeb69-1624-47a3-9371-33eb0df4c828,1,True
ebd24408-797b-4130-8e98-e639951c6b34,0,True
89598566-237b-4d1b-89f1-f70a16e8ae93,17,True
ac64aa27-25b4-42fb-83cc-c28c912ce473,0,True
8f92ec7a-c601-4e5d-9918-62a7d09291b3,2,False
2eed12a3-b80c-4287-b986-b685888262cf,1,True
88859238-093d-4344-854d-2c51e6b83a0a,1,True
1a41599c-a28b-4804-89ad-402769aa92af,2,False
0eea1a5a-a210-439f-a4dd-95a7d4892d1e,1,True
dfcf2ab9-bf71-41a3-9309-25c4837f796f,0,True
472bde8d-b11c-4a6e-bd63-474dd6dbc668,2,True
5dda77dd-8a8c-480a-af20-a552430ee4a1,3,False
06a344fe-31fc-4a61-bf39-9393820ea3ac,1,True
0024fee2-48f6-4c8d-8af5-86ddcaea3487,1,True
fae80d00-f61f-417e-8358-433d87f7682d,0,True
afdb01c3-7ebc-4883-8302-a898231e1ffb,11,True
36676e87-3a5d-4608-aa37-959b2519bcce,2,False
d977d2b5-855f-46d0-a7d9-c1d02899e18d,3,True
d262bc74-93fb-487f-84f8-30ab64cdbba2,1,True
09402f8e-0bb4-4548-9475-7018639d5773,3,False
641af7bf-999e-40cc-b80c-245052dcee1e,0,False
cdc0f67d-d723-45b9-8611-d05e489c085f,1,True
7fbba486-fd64-462b-94fa-6855983cc6d1,3,False
9df05202-a8ad-42bc-9af5-9939d6ed6ac8,2,True
3426372b-92f7-42d5-9835-cea773855a66,1,True
229e6053-a61b-4e7a-8471-a091007dcb26,1,True
5218d688-5dca-4386-8d73-6ff8f82a82e2,0,True
8bd814d4-d249-4689-8a03-327c76068936,1,True
a9fe8163-eafd-4828-b880-2ad26419418f,4,False
d64d3842-fb8a-47e1-ae4b-b2dd59c76e1f,2,True
c8498096-a4e4-4de8-9d28-3ed5a68b5310,1,False
671853a7-bbed-45a9-91a8-368d48ed40cb,1,True
e74d241c-d7b0-4751-8252-433a759eea4c,2,False
7f02bab9-967e-472b-b5ce-17dd485dede9,0,True
3d354a56-8095-403b-9ef6-8125f81ea679,1,True
7c7f62a8-ce35-49be-8e51-bd14cfce67fa,1,False
0f9c1015-6900-44d1-9269-70f6f02f6f23,1,True
0d3cc894-75c3-460a-94f4-e7d56e9f8c55,0,True
da917c4a-f972-4bcf-9ec1-eb5b262ee36e,2,False
bdf2b10b-709f-4a16-ae4e-2fa6c6c6c08f,3,False
9de48924-1539-4fbd-99dd-652323a3ae82,3,False
16259405-6352-445b-bf34-5a937bb2dc55,2,False
06c8e838-c8a8-49da-8e2e-1f64745ed2f3,0,True
7749ab0e-7c0a-48e6-acb2-4b90c192a1d6,1,True
76dfa828-06f8-4460-afd9-b3530db13bfb,1,True
39242e49-fe92-49db-bd70-c8411fd669df,1,True
67d81ae7-4227-45e3-a1dd-4424e7bfbc7a,1,False
10d61001-e986-4ea3-b8a6-3932f262952c,0,True
4650288b-35d2-4d1c-9c8a-a5225b69e543,3,False
466d2f4e-efa2-4609-a176-f5ef4934845d,1,True
b85be91a-4b12-458d-a49d-26d953bec7c8,0,True
58bdaef7-eb6e-4fbc-9acc-3f520c987f77,2,False
079ab238-17ce-41af-94e9-e484a618a5b5,22,False
aa5918c9-d717-4971-a388-462c35821a63,1,True
3dfbd9a9-3244-4261-b91d-554d301f729a,1,False
3af187e8-d650-4078-9225-77cc3318b127,1,False
5b79929c-4688-4e53-8ea9-aa0d10b35495,4,False
5227c336-d1b0-421b-9199-214b75855f34,1,True
6c36f7e9-ab3a-440f-8e94-5525c9caea4b,1,True
80cd68c1-c73f-49b7-bda2-902c391f8d49,1,True
3621ba59-9823-4860-b603-6bd8443f89be,2,False
285d7c6f-10f1-4b6b-8f4f-0d25ed653e48,1,True
680baba3-493b-4535-b9dc-45514b4645de,1,True
9510ed94-fd75-447e-8c70-bfd515993ebe,0,True
1e0e8297-621c-4ae3-a729-995dee6b131f,2,False
5a1254fc-5a63-4368-83fa-d5397a79c39c,2,False
6df3ade6-54a1-4410-9e45-fe7d6df7a6d5,1,True
07890c21-2ab0-4777-b2b6-94deb361abce,3,True
7243bc4c-1c11-4edf-a1d4-33fde8e2f5f8,1,True
5235e996-be06-4ba0-a61a-61828ea65c7a,1,False
dc915e32-8857-426d-aa48-9a81719f91e0,1,False
ffb0d072-f7ee-4ec3-b3cd-833ba3abda44,1,True
1e5b4934-53c8-4455-8304-fd0b6a86dd49,1,False
af566beb-b2b3-48d2-ae71-ef57abb936be,1,True
2982bcda-59f7-4614-8af4-2a9a5841d1ef,1,True
23e75b1b-317d-4d28-b286-53bf1db22af7,1,True
284898b5-78e6-43fc-8abc-0d094ee4692a,1,True
2d18d89c-8664-4642-a9dd-a292a2a8243a,1,True
40995ab4-f1c8-432f-8725-e1ce7b98797c,2,False
0ea3ea2b-57ab-4bdb-af7b-ad1f6b751be9,1,False
cd6eb80f-f85e-4611-ac61-c519d82f6efe,1,False
7ccd1d75-b279-4aca-9989-03129ea5c5a6,5,True
c027708a-12a9-4a22-bf0a-2c465d020f72,1,True
6df8fb17-d85e-4a07-b39d-be9c5629d8f8,0,True
0845a2a1-fef0-4550-b84c-d852689cfa5a,2,False
f1bc0a1b-e0b8-40c3-8c10-dde0f89c960d,0,True
791049cd-e7c5-4649-a6f9-8a30c8abc46f,2,False
c9885b15-d352-48a8-919e-113e6944817d,7,True
53f0d2f4-030a-4f13-864f-fb2ba22c298c,2,True
f988f4f2-20ed-4441-9aa7-41100d540e9a,1,False
5866bd6e-af05-4f5c-9d05-41a808289e83,0,True
db24ee68-c189-4399-8cf7-05a135ac9666,2,False
c508c6e9-52db-4751-a52b-e501d6968df8,1,True
b9b1ecfc-0b00-4de7-9b0a-f71da1380f14,1,True
1e82dcd4-f324-46f1-9a04-1ac78a2375e9,1,False
bd4ba988-03c8-49e3-a3ff-ca29cff1cd62,0,True
160d5a9c-a872-461e-88b2-caeab4793b19,3,True
807c5f58-54a1-412d-9538-ca47edb39e1b,3,False
063277a7-d9cd-4dae-a060-7d377c0ed713,4,False
215de3c8-d1d6-4328-bddb-de4abc338fcd,0,True
a6220742-9466-47ba-b0b6-d5d034268883,1,False
53c939bd-5ff6-43b3-8628-dc963bc31627,1,True
7240073d-6435-44a6-a35d-a4a307772509,1,True
88aad714-3a0b-4ff8-a12e-d1c6433375cc,1,True
d8cba9e4-97d3-4c17-982d-25eaef6eed7c,1,True
b9508aa9-a3eb-4ce8-bf31-922995e3a144,1,True
dd0277fe-d623-4a70-984c-788fb6379114,1,True
cc329917-f542-4838-8eed-b75100faa45a,2,False
6e0c7497-96fe-4b08-9538-9703005c0a82,4,False
c3756aba-bde1-4254-ab45-c9fa76f90479,2,False
339ee7fb-66ef-4abf-97a1-15bbffc78dc3,1,False
0cdb578b-39c2-4d72-9d33-f709979b74b4,1,True
3f50285b-827a-4181-94e6-2f7593726e6f,1,True
f5495280-ec1b-4113-a38f-532a5853ccd8,1,False
7da54faa-8943-4ae8-b74a-905a72b6087d,1,True
ea9abaca-1fa8-49a9-8b17-d275ba31adc9,0,True
a1e05d1e-ac19-4df4-a482-1248ae926bf8,4,False
18c7e741-4e66-4c75-a90d-61907a620eeb,2,True
367ef8cd-25a6-4852-85f4-e38a73cbf7b6,1,True
87004269-88dc-44a2-84a6-c628be19db4c,1,False
81d85323-fecd-442d-8360-972db6879f4c,2,False
013731d6-e46e-4b63-b20c-fb7dd624c8ac,2,False
999a212a-037a-4793-83bc-671ba53c64f5,5,False
5deb88af-3a56-41e4-9afd-ca9ae3ae6a47,2,False
5b02a9cc-62e4-461e-a8f7-688d17eee295,1,True
4ae31c10-aa31-45eb-ba93-6ff3810cc1be,4,False
91537457-fbf7-4fd8-8f8d-1c85a6eba581,0,False
c5d00d48-8585-4726-81cf-f67f9b5602b5,1,True
445e28bf-45c6-4ec2-8f1f-dad441f455ef,1,True
e285f251-97e3-41b2-9478-c4b6524b8589,2,False
6927f062-6a99-4634-942f-676b71838acd,0,True
6b9f59e7-0b7b-4acf-9e0d-84964993927e,6,False
dc90baa7-b257-4402-a44b-bc8e84a2f500,4,True
41d99704-efd7-491e-8824-ba8c3cecbf01,0,True
33ebf742-8865-455d-b560-ec5c6971b32e,3,False
0c389eee-0ddd-49a0-83a1-ca79662fe2b4,12,False
2b9fffa2-f57e-42c5-a822-6ab8c90579d4,2,True
6162e60c-755c-4f89-8fc9-2552c8c400af,1,False
43658fba-2f4f-4bc9-8e47-21ebe54574c4,1,False
684f6383-1fde-48be-949c-cce9be8726b9,3,False
fb3f0fe1-81df-491f-9e56-6806a09ab376,5,False
59b74c51-0969-4531-b208-d3eeee6ebfc1,2,False
a530aa6f-aaf9-4cdf-b4b8-722466dce249,23,True
988f6063-ff49-44c2-8276-c05ed0492bc0,1,True
8da29000-6cf3-4cb9-9ac0-f462044368e1,1,True
d05e3cdc-a67d-4cc6-ba62-ece90805d5b1,0,True
95ac8479-aacd-4ed0-ae46-fc2496693bb9,0,True
f75c05d8-1a34-4b14-9675-d81d32760c7a,0,True
b87dc9a8-acfc-47e0-9553-5cf73b513ffa,2,False
bb20f0eb-9aa2-40ab-b0c0-7d032ef47aa7,0,True
02bb242f-7865-4a80-8716-95e8f98d4004,2,False
3b46287c-f1d3-49c7-9a62-314d2ea84fa6,1,True
e715d581-e917-4b63-835a-5775fb671ee3,0,True
8662c1d2-16c6-4276-b5b8-c20770dca8a8,2,False
7862567a-8595-4ab3-83ec-7b7a7ef56221,6,False
845cf233-5466-4342-b06a-4f271a9ab76c,5,False
483ce9db-4cbe-443f-8cb0-2d510581f916,2,False
d2fb27b1-86e1-472d-ac86-14be5c64ffe1,1,True
793bfa46-86df-46dc-aa6d-4cb3fbb2f3b0,0,True
96f5f9a3-0bcd-4066-91de-72ec1d8c1d4e,0,True
01e62f9d-7b20-4952-b79a-0e8d36d16024,1,True
76705cde-f169-4a79-aa35-f786e93a5adb,1,False
83675fff-729a-4fd6-bb83-9e64a1983465,6,True
b7c31e0c-bc8a-44cf-a379-0f3fe7d72152,0,False
163d3055-fb5c-4317-82be-c24c8532ba87,3,False
5505aa2a-b33d-4b3a-bbaf-47ab99506bad,0,True
64520ece-f651-47da-aa3b-a178da7d6335,2,False
4c43abb8-ec87-4ca7-b914-cb8f2c708f88,0,True
b5b2a612-7f92-479a-9529-13cf62ffcda6,1,True
da29d690-5f00-420a-a833-1c2aa04b2301,2,False
662877de-fe8f-41cf-b876-0761c224075d,2,False
41d6394d-f287-41b0-b7c3-f905a20729d5,2,False
26c01f56-a6a4-4675-a649-db041d5a2f5c,2,False
575814e1-5a5a-4c08-af13-f42a8865c3f2,2,False
7368ca2c-da14-49e5-92ff-46c19194198f,0,True
4ed0c6e4-6f84-4bd8-ad35-74d82a5bd1a8,2,False
cc789392-a4cf-4fcc-8f91-c68f92ec9390,0,True
27ff051b-37c8-4cf8-9a95-4895f9a2f469,1,False
e5eb8e41-ff96-43c1-8181-9cbe0fe3a759,0,True
e9906b75-8809-4b8c-9d18-c7dc43ecd716,1,True
eff3b831-9e4d-4705-b0cb-cf28f1f5a318,0,True
d9a99938-c7e5-4d03-ae8f-80568f1d2475,2,False
bba44a36-3d23-4ab6-8d7b-a9c5f08ab01f,1,False
84cdaeb1-f263-4c48-ad81-003001aeef29,1,True
d491a14a-ddd4-4d82-9f53-20a6f9aa2891,2,False
81523729-6401-4dc5-8d37-acce03790b9d,2,False
35b0f41f-e314-4652-880c-9acd4d0d5d5e,6,True
779a81bb-b1d7-4b19-80d3-09ee46e2e5c1,2,True
1994d1d1-baff-4b86-a7b4-ce2774e18369,0,True
7297cb05-6bff-4449-98c8-e33cf424a0fa,6,False
a4435362-0edd-488b-a08e-0796325be22f,1,True
41eab009-ed3a-4615-8ae7-b418c57891fb,5,True
6c1b8046-5a40-490e-9072-63eb35c8125f,4,True
270d3c55-786f-40c7-872e-bac23f726729,1,True
fc708c96-984a-4c36-b54f-00f1faacb677,3,False
b397fd30-0dc4-478c-b454-7115d3ad48f8,2,False
2cb3adf1-2d52-4f1b-9c40-5102c6ae5bb0,2,True
11de3e6b-37e8-451d-ab1c-ddd7f15f7830,1,False
53b111dc-1d39-44e5-9201-05bb7ba8e8c5,2,False
9b50fab7-55db-4522-9f2d-2428dfb0a41f,2,False
33b3fb5f-0f2b-49e1-97ab-24d4feaf4475,3,False
e152a4ee-dba1-49bf-93a0-75e634a4709f,1,True
b6a8d70d-f707-4abf-ba1e-251acff7d7d0,1,True
c1f6c7b9-e01e-4a6c-b397-61325114d895,0,True
2da36305-ed75-4329-9a51-790072f8d04c,1,True
b42fd158-3a26-4e17-8852-ec14533b136f,1,True
2b66e786-ae82-4524-bd69-9ca5f94ac738,3,False
ff82318e-729a-49f8-9a53-79886b5dbeab,0,True
368a1eef-8a47-4274-b3f0-9e7ee1c54b08,0,True
19c5f155-af76-4667-bd96-3ec79c3aa825,1,True
6bf23e05-8afa-4ce0-995c-fe6998b6959b,3,True
e193c729-b735-4d29-a965-c91504fd76b9,2,False
f3396850-def9-45d6-bd84-4aa42e517e59,1,True
27d6429a-8d0a-434a-904f-4a264f6c9fab,3,False
bdb899e6-ca25-49b6-b736-cf9db7a693d7,0,True
21601b5c-e5ed-4308-a641-08de2b09ae3e,0,False
c1363fd7-cf0d-45b3-b2b3-99fdd539cb0e,2,True
25cbc699-8ed2-451c-8a37-acf9eb50cc3b,1,True
6a361d3a-38ab-460e-ba5c-9950872da0ff,0,True
9449b97e-d7e3-4307-8801-250c86742971,2,True
0a9821df-b2a1-48a4-ac49-8b9ea1fb369f,3,False
6fa91934-20f2-4a3c-bdb9-e44528c312a2,1,True
ef5759ca-7d2d-4422-9d75-f85e4e9a1216,2,False
4ecd3a98-9bbb-4d11-b360-2d2f398b6ebb,2,False
883486d5-2da1-4d9a-b951-a22e95f5570f,3,False
d444609c-1a6b-4346-ac0e-998bbf82484c,1,True
3bcf52ce-6bc4-4dbb-bc4f-b928c3a0a850,1,True
e21c9097-b13a-48dc-9f15-b0e3a3d6f800,3,False
fb9ff7fa-2ba3-4e27-868e-3556ff62772a,2,False
1985c07f-c35f-431a-b30b-c30c481a6f96,4,False
fb5dad5f-e906-4460-89f8-f74faf73a3bd,1,False
ba7363b1-adbb-482e-93ee-7df5644f937d,0,True
382ac746-abd4-463e-acb8-03133d232955,2,True
1af6f51c-d7ed-4c31-ba29-d15003ead540,1,True
fc3c7722-bc89-4320-ab1d-ad4023eda696,1,False
a0c75841-1b54-4ee7-b0d5-a4c9be0a9312,0,True
ca7e7403-30da-41ef-b177-6134f3239cf0,0,True
20169d24-ff60-48af-8007-d0b511cd3983,3,False
a86d5bdf-9846-4afc-9054-e5052545cbb9,0,False
9a63c96f-f2ff-401b-847f-8df44da4fbb0,1,True
ccad1117-71d6-47dc-9815-67b3b6bc4129,1,True
484f01ba-cbfa-44b2-b706-a08ef057b93f,1,True
d1677170-5762-4319-8b75-e2bff843cc5c,1,True
bd68be4b-acba-45e6-b878-769e56058016,1,True
be6085a0-0f9b-42d2-b47b-b77125607f66,0,True
5e00835d-b21a-49e1-873e-faee7e3e4f17,2,True
0aa6562e-638f-4d3c-a40c-8ad5f2370d37,2,False
31bcbb07-83fc-4b1a-9836-def26a65b2bf,1,True
c9a5e262-cafc-4b65-84f5-fb9f2d2a1d7d,1,True
9b025776-7749-466d-bfa0-710088084861,1,True
d2e7831b-0b98-40c7-a140-fee4753cc9d2,1,True
4ee037a4-a9cb-480e-bae6-2c1a55adb410,0,True
32efbf5f-32c0-43eb-a0c0-149901d208f6,8,False
442f5a67-5237-4699-9c66-b2b7f7ab601a,0,True
c11360b3-3604-4c54-8b41-f202a9b6fd58,0,True
562f85a9-fc2b-4370-ab85-676440b47b29,1,True
cd7ef75a-6eca-4bd7-996b-1fb3daf9be2a,2,True
db44fd7a-c187-4255-bd2c-206aa42f4633,1,True
d94aa480-01e5-4b8e-92f3-95522710fef4,1,True
025de961-f394-462b-b84e-f04305282c85,0,True
068ac376-7585-45e1-b791-2cba93076dd0,1,True
03c502ac-524d-4469-bfd0-57475edfa0d1,2,False
e183fc3c-3325-4ff6-b7c4-047541d7e059,4,False
8e039098-68ca-4835-bfb7-ed54ccf9df0c,2,False
0722f6bc-c4c7-4780-a44f-43f8228db94a,0,True
004b38a0-8dbf-448a-b887-f09bb96e7451,0,True
fb2eac92-8470-4b18-a293-019c0c2f29dd,3,False
5f6ba89c-7d73-4dc5-9ff7-32c7ec80c9c3,1,True
66e2b7bf-0039-4348-b2e4-2cd0d7262cfc,2,True
3169c9e2-9b62-4d50-8ffa-afa912f99be1,1,False
e1ef7f84-eae9-4f9c-84c6-4b46cd01311a,1,True
0bfd4d7d-022e-44b5-8208-912fcdb2b6ab,1,True
596ca570-69e1-48c0-b113-4d44a0b3cbba,0,True
93b8ad78-ad16-4a0b-a87b-3d15ffb66aa0,0,True
f5a8b2d8-2a6f-42be-8593-a52bf012a46c,0,True
c100c189-0d3b-49a9-9b23-fdb2e7b92487,1,True
5ce0284d-3935-475b-ad82-46f489adcc8c,0,True
abaf2e33-4986-4428-b537-231f409fc35b,12,True
d0ab070b-5767-4d86-b927-0fb60ae0ecdf,1,False
1598ba6d-c2a6-47c0-acdc-82deae944674,1,True
ed681626-536e-4480-938d-108995883611,0,True
bb959361-45b4-4f11-94a2-7cf8ff259294,5,True
de4013ba-7513-4f32-b701-69463c184476,1,False
c00deb48-7509-4738-83ac-72bb49ccbd43,0,True
1847dcc7-fa50-4295-a9ab-c6cbae2688c8,2,False
3d1fb2c5-49f0-466d-b03e-47a8396ed73c,1,True
002715a3-9a30-4330-b61b-dad1f38c5074,0,True
94fdf366-cebd-4eea-ae14-e2f098b4b12d,5,False
b7a14cad-998e-4fd1-af68-a07b925af2a5,2,False
37678cd8-8bac-439a-bd08-bbe9be384e3c,2,False
fd766088-f502-47be-b187-e11b28e43a3c,2,True
fc2aa869-e78e-4c79-b4bc-e51a59696eb7,1,False
ca90b7b0-4438-4e7f-abc2-ab9be03fff1e,1,True
30825c01-0d1f-4a93-ad1c-6fd3371fcfd9,1,True
288cb19d-7729-4f56-8fcc-21d3b01c44e4,1,True
3c1e4f10-d061-458c-bede-d07d76a5b54b,1,True
39736a57-0aef-4ba4-9513-443469f03d22,2,False
a66e7f53-502e-474a-b03a-90181d40ee2a,1,True
929e9a84-d5e4-4996-9c11-7da0dc3c4c34,0,True
bd67b1e2-2104-4648-9633-9fbd5d099c8c,1,True
0b82bda8-d456-4a98-b65c-a577f866dad4,0,True
33df5b9b-2d87-409d-9322-8da90901c253,1,True
18a347b4-aa55-46d6-b32b-a203f88813fc,1,True
36093d22-de81-4f22-ba27-b9690a743110,6,False
359459a1-2bf5-42df-b774-3064f861e401,1,True
80052d0d-edff-476f-9457-56096a0006bd,1,True
e9c388ed-89b3-40dc-bbac-d4b6d119384e,2,False
dfd7ae78-69bb-4643-a211-9b6e6a30a69a,14,True
ed4234e9-5e93-4da0-a375-26e2ae436884,1,False
bf6525fd-5cc1-438c-b162-6a5e38b3cb60,6,True
4aeb8464-4762-44cb-8be2-37cb14ba9b60,0,True
2bbb4a93-3020-4f09-af40-10575c9f04f3,0,True
f5ddd64b-8753-4aef-a0a0-5b0ee23969ad,0,True
9ab5368d-2a44-4ee4-a0a0-a4197ae56c66,1,True
0a7465a2-d9a9-435b-b780-a75311d26732,1,True
4f295cf2-7698-4dbf-a0ca-4f8219882fe8,1,True
f0e6ef77-3390-4e00-ae18-673411fea749,5,True
6385c2ba-5521-4f78-b6de-c7692f814021,1,True
a1e87a7a-8daa-4797-b91b-a9246b7e21e1,7,False
f6d4ed38-3b81-4cf9-9a86-4ac7a9b7cf74,2,False
86db03b0-b871-4803-8f91-99bacfb02d57,0,True
d3b81c50-def9-446e-b16e-60b81132b845,1,False
458db639-a982-4ace-bc53-7fec57b29650,2,False
8b1619ac-71c9-4ec0-afc7-63e4cff711f5,1,True
f085bfd1-60a1-467b-a000-3bd2d50fc111,0,True
a8c3f918-8528-43a3-b3d7-dbb1c08f68ca,4,True
7ea498e5-1c42-41c9-b9a2-aa2c6a92a6fc,2,False
0d0b56c3-173b-48dc-9492-429b96b5b9af,1,True
5753c0e6-2930-40d8-a3f2-f192919c4090,2,True
6d7bc2f0-a282-4aa8-a632-e5e19f2bf52e,1,True
52018234-83ba-4c36-8cca-ac846ccfadc4,1,True
eeb23e25-01a6-4ae4-9e7c-05726941a411,3,True
83fd2091-906a-4500-bc17-61bde9c1f4f7,1,True
85573ca4-82cd-4abe-a35c-93d539d48812,1,False
b7b1dc07-14f4-4750-abe2-fe04fed52d14,0,True
da633a5e-86d2-4e2b-b0b4-893cc43204a6,1,False
45959fb6-d6b2-4125-a377-b466f89560f5,2,False
f004f695-1ef7-48e4-9561-50a9421aa9fb,2,False
04b85cf7-b7e4-45f4-b118-203dcf389386,7,True
abb0dca8-63d4-49fc-b20c-3f0e85048962,2,True
0012b227-c6c6-40ce-98fe-003b382955d4,3,False
0243f11a-2edf-456f-9403-76fcab9279f6,2,True
0e9766e2-df4e-4e0c-9799-1995ec7dddc5,0,True
8674589c-5208-48e9-8355-ea6fa2b56550,1,False
458d2c0e-b73f-4495-a242-6f77b0748a7d,2,False
5fc03f99-86a3-4f04-9a48-ab757950170b,2,False
a364c910-3761-4dad-a797-588af373a76d,3,False
c6eb92a3-1346-4ca7-8e2d-8c64bec32ed7,2,False
d5331643-62b7-4534-be37-7552fd54d3e4,1,False
3d4c5206-03ca-4031-ac1f-fb7e6fb3e3b7,1,True
e7f7b4de-2e9c-4628-897f-d01e5ab248cd,1,True
54bee7a5-b55a-4fd0-8ab1-943197f6b4dd,1,True
ceb3d466-e4f2-47cc-919b-000f6527334b,0,True
cab5a03e-14ec-4eaf-a48c-a1040e282c3b,2,True
4799bbbf-77ec-467b-8098-ad4f862b8c42,2,True
72cbf553-dbdb-458e-9592-c527255c714f,0,True
5e4b0824-8c08-4c73-ba81-fc9350860ea9,2,False
552b666d-db1c-47df-acbf-4645551df7df,1,True
bde01156-5d85-4878-8d8f-68623d215001,1,False
f0bd04af-93a3-48f8-9ce7-a5be7b010097,6,False
25020209-9c6f-4ba9-b0b2-62b2da2b3f4d,2,False
857702c2-f47d-462a-b03c-5f0149bb2791,1,False
ae7a3f0b-a354-4da1-a7ad-78f9d731bab6,3,False
904de6d7-7fde-443c-8100-ae6588e8a1fd,3,True
5f83bd47-03b9-4c7f-b4b9-1523d02bb319,1,True
edfc888b-5ed8-4a14-be3e-954ae89c1585,0,True
808a5203-d360-4425-933c-cb0f6f27fd48,1,True
38fc0114-b352-4f25-9c33-3b4529f2c088,2,False
e2d343e7-9c41-498b-be24-db23bb8e56fe,2,True
7f61ae19-7f1a-44cd-99de-13d079f1ccef,1,True
cb5d647d-58cb-4774-98d1-12f0fc95b07c,3,False
ef23be2b-7eb9-422e-bebd-649587c3bc79,1,True
4257f1e5-1b05-4720-a393-7ec92e7a76a6,0,True
89138bab-92f1-4e48-a8be-abd4d7511af6,7,False
e7d499c8-5496-44a8-87e9-700ebffec483,1,False
745cf36c-d711-462f-a293-eb6cf820457c,1,False
fc4e51ce-1a39-4b4f-b747-fe8b3869ce0d,0,True
f73d7cb0-a085-499e-a923-44bd105ab15a,1,True
ad951803-afb9-4d78-ba94-2376422ea54f,2,False
3411c017-6ee6-4038-88ae-37fbadf5549b,1,True
a6b30171-378f-4a71-b13d-667ac73b4211,1,True
ed79e213-4f58-46a2-9318-5c0b548bbf13,0,True
e7cdff2b-07db-46d0-abe6-0575da66a4c3,0,True
6e4603d3-185f-4211-aebe-29f6d55a8595,1,True
945a778e-3b7b-45b1-b505-16be2e6086a1,1,True
0d584a71-5160-4040-b428-96f1cf6a9940,2,False
6c5aebd4-a7fb-4849-8bef-b1620a1e8c3d,2,True
59a07711-285d-4c3e-a3d6-dc1649b2a6e7,3,False
790738cd-b1a9-4ac9-8941-c47b0bc16a09,2,True
71f50862-1e66-4825-b814-102e224e249b,3,False
a196446c-e642-47b8-9247-898306586539,4,True
b23b6d4c-8c09-4498-b9c5-bef3d1f2dcfb,1,True
0e242dd5-1ea1-466e-8fc3-b0b6d9b0e9bf,1,True
2494310d-98ff-4605-ae92-de46aef34094,0,True
c0806381-f420-46ce-9032-59675cb7de1d,8,True
ec682d3d-adb7-4b3d-9265-efc4b590112b,1,True
d3845c3c-d753-487a-8aba-0734e8c2ac95,0,True
a5f6020b-630c-4344-b993-853b16dbf2c5,1,True
48718220-3e3c-478e-85bf-f6e5c23c5ef1,1,True
a6f3b14b-bdcc-4dec-8fa9-fa2c315329d0,1,True
b173bdaa-3d8f-477b-9962-102f4acbcf21,1,True
321818b8-ebf2-4d07-9e1a-a0f2e5bccdb4,0,False
807f7dcc-db3a-4c00-83fd-c788b9aac865,1,False
4f2210dd-aec2-42eb-84ae-5c192704e7bd,1,False
4a5bfe3a-6970-4353-a439-384c00071fd2,2,False
fcd6b94f-3942-41bd-a76d-cd0fcc1a64c8,2,False
b968fb63-2ca8-4877-986b-c380ff5b5709,1,True
32d0588f-8d70-4614-a5bc-fea4f992be9c,3,False
d7eebe2c-d36d-4dce-b9a5-a55daee98706,1,False
a68eade1-4a62-491c-826d-133947200f4e,1,True
76839940-8f35-4520-8be8-cc741c9f9c7d,3,False
69f05863-bf0c-475f-b866-07fd080cb4ff,0,True
6b71be19-5619-419a-9801-cfe29cfa4119,2,True
266bfbf1-9298-40a1-a4b5-b963ebc04ee4,1,False
5071b148-6a65-4781-8651-63d680799a3b,1,True
2fadcdd3-803d-4cf5-8d24-993230ca3052,0,True
7192b5c6-f34e-4a63-9d4c-6e9412b734ec,2,True
a1f41047-0e70-41e4-8ba2-1dee74d66da0,2,False
6d464247-273f-431d-ac60-c479f27e192c,1,True
036e427b-8dd4-4629-ad1c-070d78c1c81f,3,True
bdfb4e2b-a3ce-4ac3-8aa8-6519068b0658,2,False
34b9179a-fc9f-49a0-a63b-4f42e70204ed,0,True
168aa1f6-90d1-480f-9553-d19b43b3d765,0,True
fe0430ca-3b88-460f-bbc0-5441b1a904e7,1,True
7ed2b323-8957-46a3-b795-ee790d508cc2,2,False
991bd1b5-ec91-4b4a-88b8-01bb079d827d,3,False
9144380a-d497-491a-b0e4-2a32ace07ec1,2,False
0e03d265-c6da-40cc-bbeb-22ff1f1041d7,1,True
694f039a-25ae-4986-afc0-fbb1b6e13728,4,True
021157b6-5993-4c03-9a13-a178def3f0c7,1,True
f793a632-1b57-49cf-aa04-f7aec0c45d5f,6,True
8aa7737d-8641-493a-b051-03f38af23415,1,True
e0790347-0321-44bd-b207-bb9b588788b4,3,False
ffba8edb-01eb-41cc-b9a2-5e4c312d42d2,1,False
2560309a-a273-450c-bfdf-5bad185c5ea0,1,True
1912812a-e87e-487c-8aa3-b632a0cf1276,0,True
2919bd9b-95e7-4a1b-936a-4f86118357dd,0,True
035f45be-593c-4542-ba66-913d6dfe6b96,3,True
b3b67790-2b23-4abd-850a-bac81f966a38,2,False
860c7b06-217f-4afb-b948-d9fceb0f438c,1,True
cd11b845-689d-438a-bfda-0a62f220f3bc,1,True
f904a9f5-0f6b-433b-9736-cac3b6a43275,0,True
d07e4986-6e86-4750-b793-5f80acec482b,2,False
8c5af772-983c-4acf-99b7-5c2f7426aea6,1,True
5a2e8413-a568-4337-a12a-eb40bc02da3a,1,False
bb132ef7-49ed-4598-91c5-7e10a18bfba6,3,False
d768d530-0e60-4a49-b031-7b4b21130708,0,True
9e06bfb5-2cc4-4392-b69d-316eead9c337,1,False
22f62150-b665-4957-9ceb-f3ac6ccb9230,1,True
f3b11c85-f02c-4045-a5b2-0643136dbbc1,0,True
38a49dd4-b937-4463-8fc5-53273808bb6a,0,True
8920fdba-9bbc-4a32-b8f2-5ec809bdcc57,3,True
4f1a0b63-2a21-41e9-9320-f97c9a73b03c,1,True
b48afdae-72e9-459d-a6cf-f7d88289b32f,1,False
07543272-eee3-4c92-aff1-ae5248c16dc8,1,True
eb48265a-5607-4b5c-a392-dd7995164301,1,False
ae63193f-d57c-4ff5-b4f1-211dcf97b4a7,1,True
411cef04-afcb-4e0e-b767-8e9c7e2799b1,2,True
de551e3a-01b3-44ec-8d1c-dfd604d1243d,0,True
d45368a9-9257-4dd1-85ff-ceb18015baea,0,True
17738874-e9bf-4be7-a9aa-51a9257a6509,0,False
49585fbf-7c06-4465-a0df-620c909de650,2,False
2317be3a-7a8c-4341-92d1-bfeb94cbaa56,0,True
b02320e3-1dd9-48be-b4ff-6bf54f96e453,2,True
95aeef1f-11c9-4382-bcc8-4f21f8b0e3ae,2,False
b7f26d02-4ece-4e17-9eff-3c96364601b0,1,False
d9ba3f86-dc3b-41e2-88d7-005ab2dff8b4,2,False
ff546b95-5494-4937-b0da-a3374c3ad4d7,1,True
e211e049-89fd-4046-97ea-f34b79dd1a7d,2,True
f01472e2-5af5-4dbd-bae6-245d72956df7,2,True
e4446f88-b764-4f3c-b42c-6bbd9cb31add,3,False
888eee81-d4fd-4b43-8023-6dd3beb5bb50,2,True
77750590-7090-4be2-af05-f15905b80072,1,False
b782030c-c776-412c-9d2d-20717a2bf59c,2,True
d155901a-94e8-4cd8-94cf-1cb12daa7fd3,1,False
a205a9bf-d0a6-41eb-807f-6820ec212aa8,0,True
762a5dfe-3c33-451c-bb71-f1aef3e07cdc,2,False
c2456a29-11d5-487c-90a8-6c3a408758cc,3,False
c3a75448-7ccf-4d17-9b4e-e2733286edd3,2,False
b8e77a65-5c99-46e7-8cef-977debbf297a,1,True
0f83c9b5-cba1-4be7-81e7-8be43622a10b,1,True
dd5a07f1-d367-419f-82ab-99e560666389,1,False
1b955b2c-eef9-4f26-93ef-5fdf0f4269ce,0,True
ded6c214-7464-4998-94d3-c82bcc90a486,0,True
4f9a70f8-3e6a-4f78-8280-74aaf2bb61e3,0,True
ddfcf7d2-d9f8-4de6-a9ab-d4be49863539,1,True
a461f4d1-b1f3-463d-8976-1fa91380ead6,14,True
0f17d0c6-3ebe-438f-a42c-14d4fdbac878,1,False
bce1ecb1-ed0a-465e-846b-2def0bf98fbe,0,True
de62f213-3666-48b3-9d5d-99325b5dc4b2,23,True
44f39bb8-ef34-4da8-8f6f-ec3e6248f6ef,4,False
2b557231-5565-4351-a51a-d768b2f6b444,0,True
d4832cbe-8ed6-4970-a391-672b3a04ad21,0,True
c8b714cb-82f2-418f-a518-08308dcfa3ba,1,False
7f667fe6-071b-4570-a80b-232a0ef36cdb,21,False
ae2ebb9b-0f97-4b3e-9a50-b530dada0165,1,True
54216a85-d1a8-4ea7-9c3f-6aa749217df2,1,True
65145170-232e-4b1b-adf0-be70c62d84b0,1,True
60654f0a-874c-45a6-9cc7-baf47b54ada8,0,True
d476d4a0-4985-474c-89c6-98de44f040bb,1,True
0de9d302-d28b-48a0-875b-71e20e1e82e5,2,True
8f60f9ca-c34e-4cf2-90db-38fa6b6d9821,1,False
f7a56da7-5917-42f1-ba2f-b1b21bd6fe89,1,True
f4735d07-a589-4d2c-9b4d-e8dd2240e06a,2,True
471e1058-f5ef-44bc-8440-290f74851ecd,2,False
aff952bf-ffb4-4584-a5d8-d8bdf23a2b28,0,True
bab4c8eb-017a-42d8-9b63-995865f8a3ec,2,False
84207c66-d543-4aaf-9cd6-d943ade0cfb9,0,True
806030ea-2e1f-4359-a1a0-929cc3dfe540,0,True
074e298e-8ea2-4c51-b91e-d96bec95e639,2,False
eed6d663-eb7a-4f29-a228-227fb682c1f4,6,False
913563bc-2915-46c9-90e4-24e1cc3549ae,0,True
a9fb15e4-d25b-406a-8547-34674f3671d3,1,False
40afb87c-7bd9-4f69-8401-e90ecd98a6d7,0,True
7375dafd-7f2e-4d62-adcf-80546cce3abe,1,False
22171c8f-9a8e-4206-8826-121646eac4e9,2,False
cf1d58f2-692d-4708-b15f-1abb6ab1dfbf,1,True
16108ca6-4466-4419-b7a4-4baaea49ff94,1,False
2a261e07-d577-4f15-a597-e0a95c2c26ad,1,True
e867094f-54fb-40ae-bd9a-9b90554216a8,1,True
96f8dad3-d5d9-44f0-8aa4-b4ff4e0b0eb9,5,True
ac11ac86-2c28-43d0-9443-82bd3968e482,2,False
cef3d2e7-f8a9-4262-bf2d-793ca5a6bdc4,1,True
5d4f0af9-7f13-49d9-b99c-48019302a41a,1,False
0cd2a41b-5b2e-4a39-9333-80250007ce6b,1,False
50fc16b9-ec3e-4d0e-b7fa-c6b6458ceb43,0,True
863196f1-9d4a-4b74-aa4a-780f3b1f3dd0,0,True
a500434a-48c7-4a47-9f4e-4549507969de,1,False
5842b5fa-482b-438d-844a-110eba7367d4,1,True
1f7f5495-732a-46a4-9f3e-3242a7069d1c,1,False
a2b7fa49-7805-44f4-860e-5b553c561ca0,2,False
424f3966-dbe2-474a-9a1c-634e7e6bb5c8,3,True
6128e4de-3135-4ec5-b53f-a99fc31e8e29,2,False
0cbd0061-426a-4683-9cc7-6dc35bcff45b,3,False
fbaf28f4-d6e5-49f0-b5d8-7baa82b4916a,1,True
6cfb7cc6-5aa1-43e1-ae6d-3c47f7ec51bb,1,True
ab44622e-7284-4cc5-809a-e80b332cfb6a,0,True
f8f753a7-30f8-4a0c-b1af-c67b8d632b8b,1,True
c57efb7a-69df-42fc-a13a-3cc4c4308f5c,2,False
28c09328-4ff0-4b4c-85a7-b61c7724807d,11,False
97da4d3e-3216-4708-9b1d-b77bfb9d9c9e,0,False
ca7d7b53-76ae-486b-a2b8-822fd4b640ce,4,False
e11a8f32-ec4a-45fb-8ed2-02ab03e25834,2,False
d1404c48-f415-4041-8099-33b7a980099d,4,True
deffe40f-1cf0-4dfa-adb3-e00a6ea06bd4,1,True
89eaaae7-7908-46dd-80b7-29b34bb1fe22,0,True
8c4d9839-f5ab-4c19-8c85-a24ec328e6ad,4,False
b6fd3d06-b075-4f9b-a86c-77fc2ec6e874,1,True
8618b06a-e645-4a2d-a5a3-b89218a5c469,0,True
16c8c495-2704-464f-87dd-ab0916c7ad3d,2,True
78886bdc-0351-43b7-ad81-f807635a0116,1,False
b775c1b8-0f95-4b88-b824-9d7b9d9f58f7,1,True
f2da6353-f2f4-49ae-81ea-407ae2be3b3a,14,True
e010bfeb-841e-43ce-9abd-eb82dc05d5df,2,True
27460972-20e8-4d72-8583-d662bbcd4e5a,1,False
d029919f-fd5e-480c-a104-0cc176261be0,1,True
da2ed9ea-3ea5-464d-827e-c577ddfd169c,1,True
7e4f55d7-b204-477a-ac9f-d2628ea2218f,1,True
f52f9700-c9b1-4b78-81bb-d6dfe9700ac8,1,True
cbb15874-d4fd-469d-a5be-a373adb2239a,1,True
2a6d9999-143d-4776-b413-a129159b20c3,4,False
71225d7a-611c-4078-b80c-9c1e1c6ffc51,13,True
9a3c2b03-145d-4860-b675-8953beb951b6,1,True
360ee465-9bbf-4393-85c8-354212c05794,1,True
efaf7c18-5f62-49a6-8fb2-47550d8d8e09,2,False
0583a03e-4aa0-4751-ade8-3470f678cd6e,1,False
59b4eab0-33f1-4bdc-83a6-25da15aa50d6,1,True
dbe5ceca-809c-4f74-a329-749070435a2f,1,False
f085b29d-0a3b-4277-a76e-b010ac08246b,2,False
9266d650-82a9-4d9d-ab80-58065411f9de,0,False
ef4ac7af-4e61-48fb-aa47-71846d7beb35,2,True
1c36be89-f47c-4e12-b69b-9f57993d42a1,1,True
4687c337-a88d-419f-9346-083399dbbb0e,0,True
3408a499-d2b9-4276-939f-9f5ff8d275a5,0,True
e26572d9-cefe-49f0-a415-1a5c0659460d,0,True
615b3bbf-de7d-43ef-9708-657acc3f01b4,1,True
899aab9e-e2fa-4224-8dcf-bc949b5e20b7,1,True
93a40018-ac6b-44ad-8704-580dcecbb310,1,True
9baf51f9-0e43-4fe5-93f0-4e648de56966,2,False
156648a2-0d3e-40ca-aae0-c2bea80855fe,0,True
187cac2f-aea4-4aa2-8a74-7dbed818cb20,1,True
814ad41c-2a60-4e7e-9df2-514c54bd496f,13,False
cdade649-a792-4dbe-9fcf-1d80f311e11c,1,True
5bd9668b-0989-4b66-beda-242ae805d3a1,8,False
622271f6-2247-4672-b47f-ea74834a5f80,1,True
21dde36e-3e69-484e-a071-cf65fea42035,2,True
cbf24538-1dd2-43ba-8625-61afb1353cb2,7,True
4f1361e2-de18-43d1-b8b7-ea670b086deb,0,True
dd14ea2e-bb73-409e-8687-7a4483e7e633,2,False
fd51a9ba-b294-4608-b2f6-c95c6503ef30,0,True
09e165f5-a5e0-4aeb-9cf3-14d811a9bf93,5,False
2f159584-0294-4856-a74e-5917a3cec9b0,2,False
83456ece-41d9-4102-8381-f25b11e17914,0,True
a04d68e6-127b-4282-bfaf-746eecf1fab1,2,True
a433852f-d124-498b-8ca4-5fe9b7814887,1,True
a3e62668-91bb-48db-8eb9-e37f9ffb5f43,0,True
7967a296-56e1-4aeb-971a-9745589bfb55,23,True
9c786a20-418e-4440-9849-86e9a0e36d74,1,True
7eb7ed4c-cbb6-4ce6-9a41-77c80459cd8e,1,False
9e5454e5-0433-4207-a630-38b97453c060,4,False
94d8f6b5-1769-426f-88c0-9cf75720b5c6,0,True
d8a866f7-3d0e-471c-889c-13d5ee123a20,1,True
a56592ef-0d06-4306-9ace-a2e1b0759d8d,1,True
05fce7d6-a927-430a-84f3-605725db9061,2,False
0ea9f518-665b-499e-b4c7-317053daae47,0,True
c1174cf3-712b-465e-85db-4e945b0554cf,5,False
60a555e9-0b3c-4bb2-9a35-3cf95783d7e7,2,True
23ebdf8e-5624-40a3-99b0-760e5eb6199b,1,True
3778adce-3a0a-4610-920a-a684356fc334,1,True
8ef047e5-1da3-476c-b26c-245ffe34cf42,1,True
48a328bb-b0bd-4d41-a9e0-db19cba0d653,2,False
c917fc6f-16eb-4310-9027-4fb73eabb71f,1,False
e2faf581-5b63-44b5-ad96-d7317211ae22,0,False
7f8d0e39-31da-4562-8b38-2a39a6874546,1,True
faf102ae-f69b-4888-a3e9-6c4bafc76ffa,2,True
642de740-d486-46a4-8baf-b44ef15e943b,0,True
23621d8b-69bb-4e8e-ae55-e8ad24697470,1,True
f0f2321c-c5ee-4551-be5f-cbf8361682a8,1,True
d8473316-4b54-442e-987f-b95a8d1c79ce,1,False
d38c3fb9-01a1-4fc1-a340-adf802ab103a,0,True
21727315-8593-4cab-a69a-7451612cb64a,1,True
37442427-c910-47b9-b5c5-ceb1dd3865d4,1,True
a336bd9e-07ba-4827-90c9-6e1afb3b74ae,3,False
cfc01582-903c-40a7-aecb-4b80646ba057,1,True
9836b28a-a8a1-4e83-8520-a6eeb48d6397,1,True
f0c43607-fa32-435b-a7f7-321cd3922809,3,False
b9abf03c-85e7-4703-aeab-917b6f19e1cd,2,False
130b305e-c593-4c4b-b43d-2d5a9eaa59f1,0,True
307dc7d7-a036-45e8-8044-813a2bf70ac8,1,True
75b276af-ea0e-42c7-8dd3-d684841d5aea,0,True
e83a2a56-02a4-4b45-b1ad-fee361c7bc57,1,True
82012001-b67d-47d8-8d15-9c4ed2df1e06,1,True
62f80b47-d9eb-41ec-817d-80295f0aa452,0,True
e2897abb-b371-48ba-a463-635701238219,0,True
5e02ba00-197f-46ad-9740-7d4f91bdf937,1,True
ff67cdc2-0bd1-4544-816a-81eda3213eb9,3,True
21d96bdd-a2db-456b-8c38-590067d56202,1,True
8dab6cf6-eaf7-472f-8276-7a24f2350238,1,False
81644d15-470e-41e7-a0cb-e5aa5ca74f60,2,False
f6065e60-62ca-4c71-8401-154be0efcadb,1,True
ef92d97f-fb66-4ba2-b006-e088bf71b6fd,1,False
1379a7d0-a9c0-4e6f-9fcd-a88e781dc47e,2,False
31141b05-f5da-44c3-897c-d03e0f25650e,0,True
d74a4275-a510-494a-874b-706ea5db2456,1,True
b08127b8-28dd-477b-b6b4-3b1ffc819b5f,1,False
c0ab0613-019d-46b1-a6b2-aa500b6fcb6a,2,False
c24471af-e5d0-41e1-9a03-517dc9db3848,1,False
991f7423-d286-4168-8262-1b738b4d6866,0,True
a651de32-58a8-4266-a10b-70a9ce3ec465,1,True
642c7478-63bb-4f6f-9cd2-d7d324095309,2,True
e00f776b-8a13-46bb-a25e-183e61fbbf05,1,True
5f9ea85e-b463-4f68-a36a-84c872227631,7,False
f48080de-a383-4a3a-97f2-f216545145bb,3,True
10894afd-2add-4225-ba3b-6c780150eb28,0,True
13a7bb95-ecb3-424f-b9f7-5db120473b6f,8,False
5f5119b1-1e34-467c-bbaa-701fb4572e91,1,True
17bcad60-e736-45cb-b096-71e288206dfb,1,True
3e2010b3-d25a-4ac4-ae75-61e0faacc026,4,False
9ab44cf9-3f37-4cbb-b130-d7019b9976b5,1,False
7f0daed9-483b-4683-8942-06f7830202c6,0,True
7cd52d77-111d-4958-90bd-46bb26695efd,0,True
f8c090dc-9d99-463e-a122-173a2ec2e43c,3,False
3b915499-de50-4961-a11a-58bafc3e4775,1,True
b7edc2f1-8519-4f6e-841d-693745c638a9,2,True
646bbdf0-fa2c-4e9d-8e66-1ad837590f33,0,True
91df6c73-bba4-437e-bf05-dff42bfdce11,1,True
7649ce3b-364b-4c1c-a6a3-075225a48dc3,0,False
cd21ffac-cdf1-4ef3-af83-6657f3e0b3fe,1,True
2286f23d-ce48-4cc1-936e-02f23d4e0061,1,True
d99a5628-4368-4628-93c4-22ddfa65f394,0,True
bf15566a-738f-4b46-8401-024af926c91d,0,True
75fb1f5a-ed2e-4376-803d-518e0cb4cea5,1,True
70df0026-938d-4cd9-9bcd-7e98dbb0a3bc,2,True
a3598ca8-945a-4031-82a7-a56c1494b263,1,True
d887c04e-e662-4eb7-96f9-1ffaa8360294,2,False
25c3a711-0c50-4031-a5c2-c581b4a94652,0,True
358a20f0-3c9e-4086-bb3f-b7c84bdd4737,3,False
5db14392-19bd-485e-bb81-709de862e6e9,2,True
f15f65fa-5b57-44ef-a21a-80489a38713f,0,True
23a1e9f6-dbda-4d76-bd30-f0d825c82aa8,1,True
1b2d8246-2374-46dc-9299-e6792f38abb5,11,True
520d2219-c523-4da1-8a10-a3c784c4a585,1,True
6e7d57e6-e920-46bc-b6c6-caff824c67e0,1,True
e644993f-16e7-4a8a-a812-cc072e542016,0,True
0ab3d3d7-bcff-46d8-be58-bf0ccd4e5986,1,False
54f187fa-1c82-4478-83f5-27a78ef6e020,2,False
de25a90b-c19c-4991-9e70-5034f8dab109,1,True
83466def-57fa-4c05-a56c-80b9dd2ed15b,2,False
416b1abf-9f2c-4aae-b982-ba90ffc5f2ea,1,False
7e11e5d1-e27e-4b8e-be23-4fbf43e18231,2,True
fdb35b33-2d25-45ca-91d8-0adaf0ed1498,14,True
74c6ec71-0e87-4e1e-a3a6-560dc97bf0ba,0,True
59b8807f-3381-4003-964d-9a8a158a54e1,0,True
9ae3b194-1ee3-4afd-96d1-5f22bc365a63,2,False
45d1da4d-ad78-4421-86e5-05554fa34952,2,False
554ce76a-c33d-461d-9206-6c74c46a1677,18,True
5da967a7-102a-4970-a38f-7813fb3d1e56,1,True
7d10393e-b3d3-4011-a7d0-834c203316fe,3,False
acfac729-869e-4552-964a-b54c3347f002,1,True
b21adfe0-92b4-44e5-a5f2-3f3c666f7d60,4,True
556c82a5-b90d-4dee-b531-4c73f2d5a0cd,1,True
3f42b6ab-3171-4045-bf2c-0f15fcbc492d,2,True
cd388c20-6406-45c1-80ce-3debcf93a8bf,0,True
b4b7ea28-7d59-406c-825e-0875f3758e7a,0,True
75d900d5-a53d-4fe2-a500-e33de3f786fe,1,True
d4c03de7-dda8-45f3-8d77-bf4eda5fc316,2,False
f7c90f6f-da32-4f9c-a67c-ac921880354d,2,True
eca07164-3bdc-407c-80af-e9a4e7fd53f9,1,True
7ff157d9-b88e-4e0d-93b6-a4a95486de8d,0,True
6929b0cc-ef79-4bd5-950f-94bcb3a16467,0,True
434019e5-7533-40e0-b333-c2fc08b16581,4,False
cd8b72d3-d0b8-4883-ac9b-1fa06fe7d40a,0,True
70ff1de4-7d15-42d7-b5d7-ff6a4cde88ed,2,False
c69411d7-e610-414a-8158-3c95dc3dfb68,0,True
2997c2be-e36d-4b82-b4b1-fd03560a51d5,0,True
5e26017c-68b8-4e22-a3d4-7d957221fd39,1,True
18b8d72b-df04-42d6-86e5-e656c1bdbca8,2,False
43565cfb-2192-4743-9108-eb913f7c207d,0,True
6bbd04e5-ec7f-417e-aa34-e5e20ec78310,7,False
300a4531-3ccb-4776-a8db-14af8cb3cbb1,1,True
e7012131-5cdc-45fa-b978-ace1dedb5cfb,1,True
83237a13-a5fe-42bb-9d11-935a619f5bb7,2,True
efe9efaa-28aa-4690-9084-566e0b151159,1,True
647f2724-257e-46ac-99a1-547da1e0af9a,3,True
d186cc86-4445-4b55-9f54-492a07f9cdf0,1,True
02c5de4d-7570-4d20-ae1b-8ae1c223c376,1,False
ace04dcc-8182-4e47-a7bb-c92843ebfac7,1,True
20dbbfae-4d5f-4a51-90c5-c0da866fd254,14,True
bb2b4079-9e96-447f-875c-ee69170ac0d0,1,True
0289f6c7-f159-457e-984f-caf3b192573b,1,True
4564039a-3706-4b6a-8aaf-2aa7b61ed1a6,2,False
6cdb1b88-36ce-4c5e-ba1d-edffab7d0054,1,True
6f8b2aa1-3ad3-4f17-bc5b-b8860f21e232,1,True
0b682117-21f9-49c6-b75c-c56cabb49aaf,8,False
5e115cef-e9e3-435d-a28d-9afaa89bf498,0,True
46ee630c-0bf1-4bd3-88e5-3501c48e7467,2,True
9b24ea00-9008-4983-9a88-4da9c07ddafa,2,False
909669aa-114f-4632-8cac-974323ce6201,0,True
d57349e0-008f-4a50-b7e0-01daefefe3b3,0,False
be112165-6121-4f95-89a8-dabe31dd572a,0,False
2898a3c1-5278-434f-83c1-499c24d8abfe,0,True
f45f2ae2-2ed7-4699-9fd1-20e1bafa5f11,2,False
5727d4a7-6657-462e-ab99-97238fd6ab2a,2,False
8dd95b86-80a7-4740-a3f9-612be51847b4,1,False
c65f57d6-4c8e-4df6-b244-dc766be40fd5,1,True
393a91f0-2551-4950-a3ff-70caf5e74f78,1,True
b5871e08-a5e9-4de2-951b-fbd5d23eb975,3,False
cbd015b1-2780-46bd-a3fe-de35698dd819,1,True
e84dba9d-2068-4e3d-9fac-af3375efba34,1,True
99cb8073-a578-48e5-a691-4aec1ac46174,1,True
f24ae9f4-0d84-4e8f-80cd-61ae76480df6,1,False
ab14f4a7-3c9c-41e4-8922-49af742e6e07,5,False
47f57e81-af95-4aec-96ae-0efa07684d5a,1,True
68b4b41d-a446-45d0-a35b-5c1dcb39e983,2,True
ed46b690-cd62-441d-bfa3-db39a0a19c85,0,True
e494bc01-7218-479e-aa9a-3d9e358cb06d,2,True
560c02b3-ec92-44ba-889c-95b0f7b952d8,0,True
e48252f2-c01b-442e-84fa-eb4e6bb0cff5,1,True
5ea282cd-2b7b-43f2-b1e4-c9fb67c8968a,1,False
4a99b0b6-e163-4e6f-8ce8-bd7c7809bff9,6,False
1412c4b9-0f36-43c8-a6a2-0955b38ce0c5,3,False
28b9f07a-8ad1-46b5-bb40-537a912fcd55,1,False
858e70b8-9672-4a34-92d3-52aeec70dd9b,1,True
62d4178a-f9be-4bb1-bc4a-8176a2b819e5,1,False
9d4b0094-3457-4c3c-8409-836bb3dab56e,14,True
34fdfaa1-5eb9-4384-a7a2-0775ac95b61a,1,False
07e72cde-b1c0-49ba-b33b-c5664a31e3b8,0,True
617e89b8-4e06-4c9a-b701-b243c0b30356,7,True
da3c332e-44f5-4e9a-b66f-e464c2c350ac,0,True
698dd572-da06-4334-89a6-7a403bbbb919,0,True
7c8a5f28-dfd3-4269-af63-e0663e9f2da7,3,True
9179824d-1086-44c1-8c67-607042eb1911,0,True
e805b8f5-fc2a-4384-8c25-f84548215f8a,1,False
305e0af5-845a-426c-9757-25629564f463,1,True
a076f15c-1040-458f-8bbf-ed929e33c639,2,False
f65c5dc0-2d40-4d80-8579-5b87ac3340cc,1,True
3ac7e58e-d7a2-4106-91a1-12d2093aace0,4,False
ca577ec6-2ab7-430c-ada4-fcb596e802c4,1,True
2cc5c28e-92e7-43e7-b0b0-c0e44248d5b2,0,True
8825570f-df97-4269-89ca-70695f9b1c09,1,True
4bb41d1e-8dc5-4ffa-b89b-be3b9fa78e93,1,False
d008ea33-6192-42f1-a0e6-e648eeff0847,1,True
a8245521-f2de-48c2-93e4-533b48e48a7e,2,False
b331a7ef-7d5d-467f-b5e8-f080448dffeb,0,True
d97a78df-175b-4ee5-99d3-4f2a0eef6922,2,False
f39dbe67-8356-4829-8ee3-b1700f9348c4,2,True
48f97cfa-907a-403f-9705-861717a963af,0,True
80d86384-3812-4959-a23e-3e9a8fbe0457,2,False
d399b9f8-0185-4eae-8eab-05339dc46b4d,3,False
a14e28c3-a77c-4162-8d0b-290ea4bcc271,2,True
913f06ad-46f9-4c27-920a-973469735d2a,0,False
b653c37d-f965-41c9-a49a-fec766fcbe58,2,False
0ac1ed5c-fbd5-40b4-b662-86b347bdc6ec,1,True
82523388-a691-46dc-ba70-440ce34c018b,1,True
3f35b0af-cb03-4d01-8ee4-563e623b285e,1,True
788f5fd3-68f4-41eb-936a-269edbafe390,1,True
dbe5782b-4712-49eb-b52a-fe633e57964e,1,True
1570955e-bc94-4d30-a6df-0859f4645314,1,True
118ddc98-c332-4364-b25d-008f8e66965a,2,False
44425512-606c-41c2-8ad5-588cb65f1df9,2,False
7c7c629c-1e99-4a9e-9d1c-5a0d3738f82c,1,True
f0cc9e6e-6700-405a-adf9-5b0685fec1a5,0,True
33fb3e46-42f9-4a5b-9713-8856a1714847,0,True
3023f4aa-7ff9-48f7-839f-9ae389082e03,0,True
8363cd5e-4b22-4d61-8e1d-e21c67df8dd2,1,True
a7334aae-139d-42ae-9712-df9e1fd7990d,4,True
ef921de3-8813-405e-a057-48d8a6f428e2,1,False
0b621274-3f20-4f42-a29f-d7895300cfef,0,True
f4654f53-4e77-4e79-bd14-a882f32a800d,1,True
2517c7e8-8b2d-459f-8ad8-3c68718cf773,0,True
af43f616-221f-4778-a296-18707b5c5bef,1,True
5af1fe99-be15-42f6-9acf-8cde08d1fc7f,1,False
339fd69d-c4a6-42b7-b2a3-2ccf2376085b,0,True
80aa1d1a-d51b-47c9-9b0e-888c2a73b15d,7,True
45e8ae1f-34ef-48be-b3f7-7718ba09e403,1,True
1f7d0df5-2577-4b8a-bac9-86d7dcc85937,1,True
03665d73-a6ea-4f66-b4a9-85cfedd035ef,2,True
65e587a2-f911-4edc-bb34-5327c83c7a85,0,True
0ed5cae2-d15e-4837-8ca6-e24e2759a7d9,1,True
0f4af79f-0f2b-433e-88cc-9ef84c767ed3,4,False
43ad3e39-bc95-40ba-9640-bf609a457286,1,False
708f4a76-9143-4367-abd3-7318c5069982,1,False
1026a80f-3fd8-40ae-b0a9-1cd1ed8f95dc,3,True
4bb6b08e-6629-4ff4-844f-3667dff66df3,0,True
820a9a4d-fd99-40fe-ad19-c9e13ccce7da,1,True
2b4ed8d8-42d6-4d35-b67b-c04564c08e58,2,False
b480eecc-277d-49fa-a862-ca683d315a45,2,True
f97eb80e-b9cd-4846-94e8-7e188d1632a5,1,True
7efa26d3-92e0-4f28-b457-d83b4339722e,1,False
3442937f-bfc8-4366-b4f3-5abb0f7e1a80,1,True
bf4ffd2b-7d85-4258-afba-2476a030d680,16,True
5791b864-f035-4815-a872-a7a5f3747a81,0,True
1e9f9e3a-659d-4790-8e50-3462e516b30e,1,True
9d1d7456-5b8d-484a-93d3-8934c5891b04,3,False
d159b559-bdbd-4eba-88c2-bdf36b6269e7,1,True
1b9ff9db-9fae-4a0d-92f7-140abd31d170,6,True
4bce258d-1271-497d-9766-6aac6e091f5f,2,True
447c0ad1-dd66-4084-890a-ea17abe2dbbf,0,True
0301a3f7-8a38-4adb-9159-fb91701b3c40,1,True
d4b9e267-e311-4667-9560-0a1fe5676448,1,True
fca570a8-f940-4ee5-9303-e0e5f68fbc00,1,True
57147161-eac8-4b42-9626-89fda5270fd8,2,False
c34c92d1-8b34-4ab8-8da9-cfded6673d9c,15,True
64e2db8b-f3e7-4182-a552-32f0a3ec2e12,2,True
a9682a5d-830a-4c05-b513-5990811c3a29,2,False
041e6dfd-4310-402f-8f13-34c8d68ffd84,1,True
eef907f4-c086-4bca-aeb8-6b2bb7c9e94f,3,True
874581c8-496e-4cce-9df2-236c23aa7768,1,True
dfdbb46f-4ea5-45d1-b049-58f1ba181d2e,0,True
85719bb3-35c7-4936-bb95-044672ddcd7d,1,True
0f8355fe-0c4b-4c92-868b-4d8e47a7012c,1,True
12b004e7-f467-46a6-a919-cbb667c7572b,1,False
bb1dd3aa-536e-465f-9948-3c30506a9384,0,True
7b6ba8fd-8858-480f-b812-51af98763547,1,True
dd3ad141-fc8d-4ed7-9de2-5a714b637505,2,False
6ec11947-48ef-4755-97ba-edf0f8bfc83a,1,True
801958fc-9a2b-4589-867f-884042b73918,0,True
7812fd9d-ec4a-44e9-8ba2-8c068354377b,0,True
3c892fa3-3ee7-4f19-97df-0dd8036b9177,1,True
6049535e-8540-4b81-9798-900486fa2971,2,False
5e54dcf6-6a0e-4900-9ed4-b389e5586a93,1,True
fc3ce5f1-406e-44ff-be0a-e74bdbf1e7a2,1,True
45d2aeba-1c93-4ce2-bfe7-f13c541ffb09,2,False
c0cd90e8-13d2-4791-9a3f-891aa954c44f,1,False
da47486a-f13a-4c00-9f77-1d5002220fe8,0,True
19593491-83f0-4f0a-a262-a267ddef6beb,1,True
bbf666b4-f4eb-4b54-ba14-f77781eddfa5,1,True
55f2067f-bf41-4714-9e04-138a1240d754,1,True
686c70d9-1958-4040-a696-b7961cd03412,1,True
027bf991-e5c0-40f6-ae78-23c4546f8f6e,1,True
2faf091b-8e38-4a63-aeb1-f8ef9d075ca5,0,True
e7953c5c-857c-42fc-920c-ef06164ec56d,4,False
98bf298d-5df2-4f20-97b3-b99ba740ac9d,1,False
0487b838-288f-4df5-8f84-bfa8e41af63b,3,False
d1caf89f-4493-4b1e-a912-0c1a4092e50e,0,True
f779bfc7-543b-4f87-9e9b-d0b5a1b9ec6a,1,True
1148a61a-31a9-42da-9f33-d92813c3f5e3,1,True
aac3e75f-16c1-415d-884d-84805db234ff,1,True
e744bb54-bffb-4bda-b9ef-da80fb0acd6d,1,False
cc5744a8-b1db-45c9-b061-6a26ed6e8582,1,True
f775cdce-7a23-468a-9c7d-9a2083e81fc4,3,True
e524f29b-734b-450c-afa6-0e8e5bd9f434,3,True
892d54cb-1fe8-4875-94fa-81c0c54782ba,1,True
17a64d19-38a4-4d75-9b54-4cd14d9c0476,2,False
41399760-9e3b-4da0-8e6f-4c4c7f2ff385,1,True
4b57d3ad-b416-472d-8064-f673a888f55e,0,True
33e25369-a0ca-4071-a176-d6e64efc364f,0,True
6a64d732-ac43-4629-9eaf-aaa2a7cbb341,1,True
83cabe0b-f9cf-4527-ade2-5d0cc64d3853,1,True
a5a16375-0a70-456a-8080-17bd72ef9d77,2,False
37e24056-d801-4dc4-92a2-20f626178e95,2,False
aa73e313-1667-4212-ae0c-825a33a292b0,0,False
b2b9e755-d98a-43f8-98e2-5962c0c5462b,2,False
80439789-1e1f-4ed8-80ff-2acb75fee579,1,True
c42d5a81-0c21-42b1-a943-766446c14a4c,0,True
396469eb-a537-4909-a742-419f42136326,0,True
876f197d-6aa8-4f4e-b25f-0d4801a789cf,1,True
b87df18d-5a29-41ec-839f-e171900d7aa0,1,True
4f951e03-2f33-44ba-91fd-cfdc0b05f06d,1,True
cfc73c9d-50d2-4da6-9269-fb44586e2834,0,True
e6f9f743-1495-4662-9a0f-a1e829be3b52,6,False
f8d9ac6f-0518-4e9b-8f6b-2cf5cae3d0b6,1,True
23e6e545-5442-4730-9e8e-408ed05ab5cb,2,True
55b57200-4e43-4179-89f1-09b7437c41e9,0,True
b2c96f04-6f9c-4ed8-ab46-515cb7fc6aba,0,True
61b6dd9e-f331-449e-b6c4-a87bc2d5191d,1,False
947b8f6e-d0d4-4924-ae2b-4626cc3efafd,0,True
feef78d2-8793-4c9c-b711-f1591869618b,2,False
1e500ab8-9c95-4880-b1da-c2af60a16812,1,True
ad1310d8-6921-4187-9d6c-5a5db82e409e,10,True
a96c81a5-6d72-4bd5-adc2-a0fdb5b3948a,4,True
fcc48c56-bd6f-4842-836c-3d2de6f57505,1,True
05ea2f8f-31cb-4f6a-a56a-630397299ef5,0,True
f1d01ecb-fe19-4560-a9a2-906933ecc53b,2,True
af44961e-e93a-460b-a438-7bdbf738f846,1,True
5b94018d-fe83-4df4-bbdf-72389fb1e566,2,True
f7c87f4b-574e-40ab-98bb-cc42f630810d,1,True
f233d5b5-64b9-4561-b72b-5926eae356c0,2,False
034d5f5f-955f-4aa3-b972-0bcb3ad9f7cd,11,False
668952a5-3f90-4219-8d0c-6d768d847e52,2,False
becada73-a6e9-49dd-9683-8627b18908c5,0,True
e90d793a-98ee-4ca5-b5fa-547eea566569,1,True
853faf65-8e63-47fc-b281-9986b0f4a811,1,True
e57e5412-34f2-474f-9853-b22f0fab2003,0,False
dd545060-f374-48ea-b7e9-88da82734bda,0,True
175e487f-1033-48ac-b770-45a7cf6fc847,1,True
cd154fc5-cd96-4a76-a72f-5fbb6b92a0fd,1,True
31686a37-c707-456f-a78f-f214f2137aa3,5,False
1f09998e-35d8-4739-872a-e6dad1d35056,3,False
31570070-6032-47ee-84b3-93d60660f2ec,2,True
2613c64f-6ac6-4b23-a8e7-e2a2d03333bd,2,False
4838eaa2-05b2-4cf1-9c4c-ca95d60279f8,0,True
4b79fcfa-deee-484a-ae71-488b58a1d706,0,True
a35d2579-34b0-47e7-b118-06346570e949,1,True
4bd02038-31de-4c94-8512-bb8b9568b3d3,0,True
babc3561-103c-416c-b3a5-0b134a93b670,1,False
8a2572bf-9bf2-4c68-942f-4d87ee70aadb,4,True
715a0a76-5262-43bd-830f-7acc04f89556,0,True
dbcd0e08-9c18-4f68-98eb-e5434b5513c4,4,False
f5cf5415-6fe4-419f-b4a1-13ba755ca6cc,0,True
dbd1a975-8bb5-4afb-9714-c4d9b739d809,10,False
34dc28f0-dfd6-4874-b953-5cb218405eef,1,True
19160afb-4229-4bdb-9e04-53084efc0174,0,True
8b1299a6-ce27-4aad-aa5d-19b9da79c6b0,0,True
7157e4f5-d1aa-418a-a0c0-669971d6ecf5,0,True
dcc913ec-e700-4156-801a-2f581bf7b97c,0,True
e74c6bdf-5bd2-43b9-a681-a602ffdc8ba0,1,True
bc75aff1-2c19-44ef-a427-91ab0d473ce9,2,True
396405f7-d847-4660-8890-0e5171550f0f,2,False
519daf27-38c0-4099-b0e1-62b3c1a1588b,1,True
9373f915-5d67-4fc7-b069-06e7964de315,1,True
a197cf1c-1fc3-4f0a-8d73-7a9fa13a2fad,10,False
3a7162b9-a33d-4a15-8153-e77f898bd43f,2,False
fc8156f8-4953-46c5-b990-3b3e15ed4fb7,1,False
5c6f3a92-9347-4d40-b0bd-8b0be61b1695,0,True
40cd44bf-0750-41e1-af73-d4fdec6ead75,1,True
a77ff97c-cefe-4743-aab9-51d6c65b46d2,1,True
8ee907e9-fbe1-495d-8c09-dce012afdb9e,2,True
1c62cb99-758e-4dbe-ab0e-2dcfaa8da2b8,2,True
1fcd2eda-635e-414d-8d92-6e17a8611758,3,False
0849ca1c-3859-4294-ae7f-2dd27adfd269,2,True
3ba8f4ec-9219-40ae-adb9-d473bac6f53a,1,False
5613f580-b646-4baa-bd7a-bcd9280282ee,1,True
a3b065b3-b9f2-4191-9c76-3e5931b7792a,1,True
c0253400-e87a-4589-91b3-85cca205cd09,0,True
b8d84a7c-b601-4d6b-b42e-c9167a52e1e0,2,False
0c013a2f-0d39-45b5-ad86-e0ca3a4610aa,2,False
6ac85d1a-4cc0-459c-a565-46df966a8f6c,1,True
1c18027e-8c0f-4320-bce9-d027da0ad66a,0,True
4a415c05-510a-47b1-abb2-3e2364a6e1ec,1,False
69a17e2c-5493-40a7-a9ec-76485242eda7,0,True
8219085f-28a5-4916-a246-16f9553d21c4,2,False
3f796d8c-9c55-44e4-bbdb-a3aecd7097e5,2,True
07b29bde-1024-40d7-9d46-b8724c684bf6,1,True
064dc259-38ef-4a5e-b6dd-a0b48776ade1,0,True
855eeb8c-388a-4751-8b85-77990d8962d0,1,True
2654929d-b281-4fa4-9450-6dad082d0502,1,True
250a8c09-6953-41a6-86f1-1fee4f0fb913,0,True
bef45ae6-026d-4f08-af04-d2cccec6824b,2,False
db34b459-f535-43cf-8c11-d4512495d2e4,0,True
3cb4aab2-8abd-43c7-96ff-b3f9fde7b8ad,0,True
8c1a2073-79ec-474f-8fe0-d91293ebfcde,0,True
299e16b2-c890-4b13-ac12-b0174075ad8d,1,True
d24e75cc-cce1-475c-a588-78fcc47e2620,0,True
b7d02311-a05b-492f-98a4-6904bd289cbb,2,True
46a9fb7a-5e80-4f99-b660-14a1172223a9,2,True
225729bb-9d3f-42ba-8f63-c10933ce1e24,1,True
d89f7a90-b07d-4099-bbd0-4895a3db38f4,1,True
6d794a94-1732-4c81-82b3-481e053889b2,1,True
134a3b7a-7653-4cfa-932d-f4939d0ccb5e,2,False
5561abf2-c8d5-4c5f-af39-e4cd53b16ea2,1,True
054f3cc6-0092-43f8-b588-c3e374bbc6ab,3,True
b722f8b1-4c6d-4cc7-a149-d72c7bfdb6a9,2,True
768ffce7-97b7-4676-894b-0ca9d18ebbd5,1,True
2eeeb6b4-1969-4ea2-ae4e-1dacf8b3c75d,1,True
42ee3a29-99f9-42da-add3-992648c79c78,0,True
c659fe31-38f3-4323-a1fe-86c227962a7a,5,False
38298ff2-16a0-47d3-ab31-732072415a44,0,True
eacc4227-0ffc-4243-bd3f-519d289f72e1,1,True
02ade3f6-74b4-4727-b0d2-b5c2ccf4dab6,1,False
ff2b90a1-1b37-473e-be94-71f33788cd34,1,True
3219e3e5-5415-425b-96ce-b2ce467ea11b,1,True
219e884c-494d-44a1-8657-68902cfe4510,1,True
7f374ee9-29ba-470b-b49c-d111e319f433,0,True
0e515205-f09b-455d-94dd-132cfb09af3d,2,False
be55e980-786f-4c31-a3a5-1eeb69757d08,1,True
c27fd233-cfba-4d27-b012-c2b2844c44d0,2,True
e36eb862-0cda-46c4-b434-8e5f9ed6edfa,2,False
646d28c0-9bb2-4495-b6bf-03a20f311fd9,2,True
c1a008b9-be89-4cbc-b41b-78a392567278,0,True
b26ff4b9-c30f-414e-b021-d81742f0b729,1,True
dbc6c996-bcb8-4d1a-b97a-894af826d425,1,True
f2c45a83-b44b-4ac6-b89c-86a3c149f4f4,0,True
729edf7b-9d7f-4c61-9740-b525fcde94c6,2,False
6a8492f9-ce64-4f9e-af1a-ea216ab69f31,1,True
305b93a1-ec07-434b-bb70-ddc756b6350c,1,False
b51419e8-49ee-41c3-a5ad-d696e8e4d8b9,1,True
d59d3b1b-fe2b-4737-84f1-7ea19d943062,1,True
f4620356-78e7-4a96-8322-65c587ce17c3,1,True
d4590c4d-523d-47aa-b293-6c74b8a82c0e,2,False
01e2bea0-9896-4ed9-b654-744779ca1fd1,0,True
31680118-a449-401d-a17c-b6af8f043aca,1,True
a6be0f3e-e126-4f63-922d-70cab1544e08,1,True
f4127f25-7e7c-4c82-baa3-39f5b0836fed,3,True
9e1a495b-0941-4c51-9057-949e620861cd,0,True
66a9ed09-ab18-4084-bb47-28ee084447cf,1,True
b9aaa3d4-caf0-4257-b543-d208aae4f039,0,True
26aaaf4a-9f48-450b-babb-464da9d3850e,1,True
2f1cc0c5-af9c-4e8f-a4c8-ad5f5d0c847c,1,True
fb8061c2-69a2-400a-9eaa-cbeec8343327,0,True
b5272f3e-a864-46d4-83d2-c2d11ff1350e,2,True
1c83dccb-e88b-44f2-949c-641fdf837925,0,True
b9297471-51dd-44a6-b949-57e887b03c62,15,False
6ad6d870-8694-4e33-8dbe-b56020b25b35,1,True
611012fe-9f10-4b8c-9dae-9a5a22cb742f,3,True
c1e491cb-f33e-41f5-8c10-bba4b6bd5116,1,True
b69177c3-360e-4511-b2ab-7bdce419141d,10,True
38178c56-aaed-4330-9f04-bff2e4b75ddd,0,True
a6d8eeac-900c-40fa-a72c-673407683a84,2,False
e611d000-be24-4673-bc7f-06543e8425dd,1,False
b1d2a8f3-f265-420c-85a7-0ad44abab217,3,False
7886656e-a157-4cce-bd99-13998d36bcda,23,True
ae6422d2-03f1-4573-b6b2-d65caeeca415,14,True
7caea031-da49-42f8-814d-ab9599d831ea,2,False
6320cfbf-ca01-4b7a-a3f6-6788c7d89482,1,True
f29359ad-6cb5-499e-b617-d24955cec4c8,1,True
5c61b386-d9ab-4955-a9a0-5537654e3f69,0,True
f871a5e4-68f9-4b15-bb5f-2af46a746f61,1,True
ca38f196-50e2-4793-a9f4-b57df7e6b963,0,True
46e3fb0a-ed16-4e87-bc79-797b2a86e400,1,True
69f76932-18e1-44d8-8d7e-b8406d7ae5e4,1,True
4d8468f3-bb45-4995-b435-079059456143,3,True
4b7dca29-6ec6-4819-9753-87bf8e746cdd,0,True
6e9247c3-2bdc-4c89-9fb8-3d7ef65a3ab9,2,True
836bef5f-7eeb-41a4-86a6-491f477d7695,0,True
7d6c7b37-b8fb-4fed-9681-7bce9fe13ba7,2,True
07ff82fe-7299-44c2-ab4f-a29778208d0b,1,True
7a20404a-b162-4fe8-9c1f-a6a026fff52a,4,True
24fb9969-e709-43ec-b6b8-c9ee978d7b54,0,True
68eb4c5e-0933-4a51-adbe-f3732a996d04,1,True
89c81d67-89b8-4b56-a812-227acf35104e,0,True
48a3dbe2-28cd-49d7-b7b1-9f963cd635d0,1,True
efaabe52-9fa3-4551-ae37-46c96b93bb1c,1,True
b5e59306-4fed-4f9c-a92c-8da07a641a61,1,True
e2fac5b9-03ae-42dc-b2cf-5c75d16a5125,1,True
c7175598-f4e9-4a48-ab65-1aef5ffa6b50,2,True
936be585-5a63-4cde-8927-fd670deca76b,5,False
535b0dc3-8c75-4f7d-85e0-85276c01c9ae,0,True
2dfa7b6b-8711-43f9-aa2b-457ff01410ad,3,True
48daacf1-573a-48da-94d5-1930e2b3c674,0,True
1de80a7e-afbc-4dff-bca1-5c7f9fbb9f17,2,False
bd49d4ad-1cc7-4e25-ae62-22453f7920d8,1,False
119ea94d-bea9-4f22-b1d3-46f20c121573,1,True
4606cd1b-bb3a-4a43-8be3-83d6733fefd5,16,True
3540b728-872f-4681-a072-bb63af21f21c,1,True
04765065-25e5-48c6-b4df-564db2d43ded,4,False
d3dc4c62-876c-4b05-aa54-0f34dc9c1d88,2,False
97a87299-e050-4488-83b7-05654be3a92c,1,False
dd43eaae-2f40-4466-8f0c-3e3a7a37682d,1,True
451da448-ee51-4216-8b1d-b5b07945ea6e,3,False
ce8551b7-b3d9-4da0-ba7e-6343aa861683,3,False
546c2cef-b44d-4514-9f4a-acd53cc3f27c,16,False
53730f7b-6462-4d64-8089-87719c961b83,2,True
c18d33e3-90e7-445a-ad06-ff82f513f27c,2,True
6714ff34-f26d-4f56-b173-a5f43236375c,1,True
e5b653f4-2849-4a40-8b0a-1199eb18ebd4,8,False
2919d993-6ee8-43e1-a015-0a25e066eabe,3,False
9865b3a6-e8a2-420e-b096-df2f7e9fa765,0,True
cadfca3c-465e-4f24-84f7-dce3027f6853,3,True
4d96eab2-0d97-4ca5-8f5c-42dc89a7d88a,2,False
5dfe5ca2-1c8c-4578-a7ff-9e772af950df,1,False
ca7b10f6-e3c9-47b8-abae-b1540ccd2708,0,True
c9cc51d0-0c92-4e83-aab3-ab29516c7181,3,True
0dd44ee3-6701-418d-84f4-d12c7ac9e276,0,True
303490fe-4032-47f1-a649-d38f35459e54,1,True
de36563b-88e5-4ff7-a3fc-7cb1cfd59f14_domain2,0,True
3e1f07bb-75bd-48d9-8952-505f2553cb2e,1,True
e8a51c9a-7b5c-4db3-9c39-ea436e377e01,1,True
315eb314-0ba3-43c5-a8d1-48725c25cdf0,0,True
f8934408-bd98-4dee-ac5c-308d8247a390,5,True
9ed823d7-7f69-4498-83d1-1ac70d3887d0,0,True
2569748b-f083-4516-b14e-324d5fe809de,4,False
d5c8b856-4c76-421f-ba97-e7b654e100e7,2,True
bb210797-774d-4116-8d99-eb0dc32cda4e,1,True
f3c5afb6-a263-417c-869a-d4e5f29b1394,0,True
e86ea83f-896a-4217-a84c-cde5a99a0272,3,False
6e3a0388-8976-4627-9cfd-eb7c5e42d5d6,1,False
96cbe7b9-4a04-40fa-803c-f0420cd9a755,0,True
257c9a21-c08b-41ac-9bfb-5118fedf1c8d,0,True
b816dbea-2101-4fd2-b538-5fc22fc18777,0,True
ceb4fc64-1345-4ec1-8f88-46b1f87fbe13,1,False
d3a4ff7a-be16-49b3-bd7c-05f6c3c774dd,2,True
1683a383-193e-4a86-97ab-ddddec8e403d,2,False
761789bb-0c70-421d-ad0b-b3b8560c3844,0,True
32b0ec9b-24ca-434e-993f-648106df4c88,1,True
30cad9ca-2252-4839-bee3-a8772a4ce775,1,True
fccf88f5-e493-475c-a747-a4d78d435d41,1,True
9e794a28-3952-4a15-988a-84350d334488,1,True
1b272a34-5868-4d67-98a0-fe9208de2fb5,1,True
0c0fd2cf-c6e5-4672-87af-43076c8a37c9,1,False
3198b3f1-d13d-472e-907d-d6ce8fe8c2d7,1,True
edb84334-bd72-4dc1-b11a-98f1c3fb90bd,1,True
e99016f4-b4e2-4589-acd8-ee7c7a6d3784,2,False
12fbe27c-e28c-4ada-aaa2-d63641a8d1ea,1,True
c4cc52ae-ba32-4fab-9cf7-f1a584f7b848,7,True
d1c93440-4238-46e8-91e9-a0177b9f7c5c,0,True
747d5dd2-2bec-4e98-afed-f45e02ffa452,4,True
7d54fb92-1252-4ac3-98c6-4bf5f2b06f3d,1,True
83b6a8d9-8bce-4aa0-8e02-f0ded5f81c0b,1,False
c0903318-577f-44c9-966d-ee4f6b60845b,1,False
bdf9a9f8-9f6e-4e84-8964-d06be4cf3ec3,1,False
f168ea0c-d591-4740-91f9-6ff804f25cf2,1,False
05fff21c-edf0-473c-bf7a-0290ebf80cf3,0,True
fcc1b7ab-29da-4cef-a58b-a618943baefd,2,False
67069faa-12b4-4f6c-987b-97369815a991,1,True
285a9c48-deb5-4e16-929e-2fb2a6268d25,1,True
ba6f1138-a021-4393-bd62-ab38582ca460,0,True
d3827ddd-1d04-46c4-997a-b2fa01973c4c,0,True
e092b193-f351-40e2-9790-3638dd56eb4e,1,True
4d05bd2b-f7f3-47a6-be1a-233077535eed,1,True
96a64d23-e804-4bb6-a937-36ec9f205e7a,0,False
19cad999-f09d-44f5-ac4a-1bf67f038f8b,0,True
b5efcb0b-5a18-47ef-9221-bd5e0f727203,1,True
6f311be1-a7e4-4460-ab9e-e03eeba4e5a2,1,True
bf57fc80-d372-4db7-aed2-f40f910b428b,3,False
078678fc-5a78-449d-b3d0-61803e800f89,0,True
7b1a9c3a-3e53-4911-afac-2b62fedc4ce2,0,True
03b7b35d-cff5-4d6b-ab64-e287183ad20b,1,True
ba98af74-567e-48ff-98c6-b7ef3d8da6a4,3,False
b6822113-4b83-4400-83da-dc58a088977e,2,False
23ec82e1-b709-4825-aa49-f99d7b4234f2,0,True
e587634a-7e34-45f2-af27-6055a4d55e30,2,False
d8c147e1-9b1c-4e6f-ba03-ec34180c4cb6,1,True
f5d36c07-acad-42b1-9442-52c8d73c9b54,6,False
2ea9aefd-2d7a-4662-b265-facaf2920a9f,1,True
7109c105-b4cc-46bd-a141-2aa630f98faa,2,False
ddb2e142-499e-4e91-a687-920a3e5d9b7c,1,False
50966e8e-3ec9-43f3-bbcd-7b5293586784,0,True
2ad9cdb2-7162-448a-9203-de28fefc8794,1,False
929aa438-1e9b-4f68-b2ee-d53f3754f266,0,True
2c4e748c-3b6d-4001-ae21-6997c3e4eb20,0,True
dacd5e6d-4016-4380-9dcf-9c6375bdb27f,1,True
24605575-51c5-420f-8892-06e2cacdbb74,2,False
aef80b78-28cd-45c1-bcd4-8a50f7f7310c,0,True
a8696ad9-8113-457c-a802-acb046f66277,2,True
14667c30-40a6-4a8e-9e0f-91cda72eedc6,2,False
a06744ad-dca0-456c-9c6f-488f4b74f589,1,False
27390069-6ed3-49df-889c-ac89fa3ad5bb,0,True
18739e97-3d17-411e-bc8a-87178f232638,0,True
63273515-13d5-438b-9f6f-44426e863612,14,True
2b622261-716e-4ad4-9710-686666ae3d28,0,True
8b242b54-30b7-4b80-aa78-b110051b2769,0,True
3ab877ae-3134-42f1-8e37-603f538bd0dc,4,True
dd140278-a969-431e-8ec5-466ee01d4369,1,True
731be438-6bb3-435b-b40d-fc2bf5c1c8dc,0,True
92cef07d-7ad6-49f5-8b62-e7014555576b,0,False
821d4f73-a889-40b3-ae76-51bdaa12f801,2,True
779e4c25-5348-4087-b77c-f608691cee5e,0,True
db5ad2d7-419d-4305-8595-877457768b39,2,True
dae55ddf-cfe9-457d-b54e-f3c2d1d31514,2,False
4b5eca7d-5740-4f3f-9a53-1978cd9048b7,1,True
5408ae77-0019-430d-887a-278098876b68,2,False
d9848978-ae82-4d95-bdcb-93c099d0040f,1,True
2f4f5529-d83f-4eb1-9c06-bc8aac1ac025,30,True
f4e45692-40fb-420d-a39c-1ebca2b5dd5d,1,False
a68d521f-77fb-4383-be49-413e82860277,1,True
36365cb1-2fff-4a12-b21c-c401192206af,0,True
16a382ff-64fd-4bd6-ae13-5ab2a938511b,1,True
e73533f2-8800-47a2-b963-d2463c43029c,1,False
546a180b-c1ae-465d-a30d-33bfd724130e,1,True
d5f8a5b5-6933-4430-8df1-816846eb2023,2,False
0f827228-22a7-4e16-bcc6-e786acbe68e1,3,False
2e0e818b-a93e-4ec2-b8be-cb5e272ec1a5,6,True
3eb42cad-0f7b-406a-909e-7a1ad7a8f083,2,False
3dd9f3d6-8617-419f-8897-5af758c7e27f,1,True
3e040108-c115-4246-9335-86b46416b01d,1,True
9923146c-8462-42a0-9390-03be714885c7,1,True
75240b25-bcfd-404e-b40d-04287f37e545,2,False
f0566e8d-b602-4d58-99ca-5c95881b14cc,1,True
a6eeaf14-db70-48ed-904f-289210b5c107,0,False
4145bc55-9a0c-4c50-a068-5c90c7dae6b9,12,True
a0f9d9e5-ec2e-468a-bb22-f26cb23cdbd9,0,True
f548280d-5027-468c-afcc-6c859d779276,17,True
6fef2129-ff8d-4073-80b8-34f2a59b36d1,5,False
fb0388d2-c3a3-4f83-a518-993dbadf8186,1,True
49c5ce8e-4d7d-46de-a9ee-f853277f4bf0,0,True
a820b338-9352-41e1-823e-5ff828357b02,0,True
6f6081cb-1569-43d9-8ea0-2a315ed116ae,1,True
d13c7738-610c-4789-bc89-a3b54ebff0d3,1,True
c9e833b6-6201-4e8c-9a4a-a64aff9f03c7,1,True
a7fc9edf-32f1-43b1-b674-efac361ed684,3,True
4150aa7e-97b5-4369-9b7e-38bffa835920,1,True
31856c17-167f-44a6-8638-6b9f2fb61820,14,True
f68288ea-62e1-4e41-b276-e3204abe81a8,2,True
4304f5ee-11ed-4bcc-8ca2-947b4bf66e18,0,True
b694e4a6-3b7d-4ded-90b2-f1d9b22342bf,5,False
d9f22d1c-276c-4fb5-a795-f2ebf4622ed4,1,True
ef17a86e-65ef-439e-9605-89a940f6299f,0,True
68a09dda-90a4-4752-b4ee-d83bfcdc6297,0,True
575ee5dc-1a41-41b6-88e8-8918c2757c86,1,True
b2f6b447-5a99-488c-8190-ef7b26171879,0,True
2aa04efa-ec0c-453b-afda-ceb01e11abff,1,True
d63c925f-6a9b-4458-a07c-fa8fc220220a,2,True
4eb636dc-e10e-4709-9dbf-76bf7715aabc,1,False
29594a5d-42d3-437e-b5c0-e18fd38df8c0,2,True
040161ce-cb1b-4f98-9b93-d3d9c1fd84c7,7,True
41742c53-bd4e-4913-8286-ff85a7ba4a05,2,False
b552af14-0959-47a8-b432-a52ecdaae9da,0,True
ffdb52d0-a51b-4941-abc4-26e9f184ddf1,0,True
ce2554b8-b8d7-4c78-a6f1-dd0b1dda694e,1,True
6fc02a56-9972-43ac-a40e-0856a55aa6a3,1,True
36b5b8ab-af43-4caa-acb4-9e56ee659b07,5,True
adb9bd7e-f5ee-4636-93cd-5de2b40a39a8,1,True
79b4eee1-9732-4c4a-855a-a33cba99ec55,1,False
a17ac46a-9701-4ffd-9099-bfd3e59d24cf,2,False
6982011b-124e-4b6c-9f18-97c2fb54d65b,2,True
4d77169e-6f3a-4f2c-a7c4-64fdaf9228f3,2,False
107a8a48-13e3-4e18-a5fa-b2bbe9ae8d91,0,True
8f586e5f-9a15-4602-8536-049fc6f6f332,1,False
185d75e7-5fc1-4640-aecf-db4ff8411e90,2,True
029c6910-4470-4553-96d3-f29b4cb88d3a,3,False
7700751c-3592-453a-84f9-639523299c11,0,True
b98047f6-d0a7-433d-b4fe-59a7cea843e1,0,True
e49ff58b-60fe-4bc2-8e20-9dfc8516ea4f,12,False
48f0f9f0-1135-4d46-85df-4e2fd834004b,0,True
fa51de7e-48d1-4216-b906-34b3d315e333,1,True
05e68502-61b6-4d7f-951e-96e458784dd2,1,True
e1336677-4ff3-49a5-89ba-885b7c67e918,6,False
7d66e06f-1952-424b-bea4-b5b5bb4353ec,1,True
b3c65fd3-2157-4057-ac6b-28cce9cc7ac8,4,True
955660a5-2b92-4cc5-a1bf-360e941a1d31,1,True
e49f4efc-b6c7-4c6b-9664-0fb04bc82277,1,True
6b0aad23-9596-4ea8-a7e8-f3f0839debf0,0,True
377d038a-0dd2-4df0-828f-07b8ded125ba,7,False
f3dd49e5-f85a-4b7f-a4e2-1cd47951f208,2,True
eadb2d20-cf69-43d4-81b4-8e246502e665,1,False
87612e36-ef96-43a0-b83e-89b9ebe16e5e,1,True
b6b4dc4a-30c4-4e8b-93e9-42f5f71b66d0,2,True
dc6e8c77-7ea4-4fc6-b228-3e661afd1944,5,False
34addc4c-19bc-4a75-841f-73d069b25cf3,1,True
82c432e1-adf2-4736-893f-9cc5ea8be737,1,True
1d543b15-87fb-478b-a4a0-12706c106280,0,True
484b5a92-e604-4d0a-bb1b-e675e039a528,2,False
8f8c8660-15b4-4e2a-ae1f-feb0b1d926bd,1,False
4a601d90-2b1d-4f1e-9abb-d651e63b11e3,1,False
1d2260c9-5d12-4835-9dbf-31e9887bd800,1,True
e9ba7d99-6ab3-4edd-99f3-66833f265511,1,True
88df5442-ffc6-4ae3-afd6-23706f1067cc,1,False
4969ec0b-76a2-4e43-a144-f404168bdd4c,2,False
a3a38fef-d7cf-44ff-b4cb-1f392852c6b4,1,False
d46dc0d9-f0c5-4fa6-9541-7dc325a2655d,1,True
ccf2accd-ff0a-48e6-8d06-2e6237599802,1,True
f191e17c-60e8-431e-a84c-c454bda60220,1,True
b5db4778-b5a7-43e3-be75-7d0ee8ab3227,2,False
0d01d10d-359e-4a7c-9e88-1cfd121e45b4,1,False
cb9ef337-a9cf-4c46-9b76-97697d02a08e,2,False
ff4c6215-338d-4cc3-bb36-49542eece258,0,True
cba4fbc9-4d8f-4a7e-92c4-64d7f3184e1f,0,True
cb18ba88-4c12-4cda-a9b0-c2f0033d61ea,4,False
3829e4be-a465-4aa0-8d98-2fe357bce386,1,True
58e1b979-6d17-4457-b8dc-09f03ccc73a3,2,False
bffac129-8bcd-4e29-8f9c-d06eae0448fb,0,True
07692903-a09d-41cd-b9ef-5d9b95a70930,1,True
943c80be-0956-44d3-b7fd-514b1e7234e5,0,False
3f101232-4519-4e9a-8dea-8cc9e9e8c984,0,True
f5750472-d4da-4dc5-b419-8e9830b93c1a,2,False
96aefda5-70e8-4445-b110-d4ad126be3b4,2,False
e421e84b-4e17-44c8-aa50-0aa39b795a34,3,True
05b74314-f37c-4856-a653-677b3e859c7f,2,False
f3c3dbae-8a89-4567-9a90-ed1c5f8eb235,1,True
02d7ad02-febf-4f1f-a1af-e5fc194fa160,1,True
562cf538-a428-46cc-b59c-da3890ea1951,2,False
060c337a-d147-44c2-aedb-664770a43e30,2,False
ce5fd5c9-82e0-4d9e-8e3f-c0db61bbfd35,1,True
5744a914-2dfe-44a7-a233-dca72c0be2cc,0,True
66213b71-7715-4deb-8da6-6468293913e5,0,True
0bb087fe-ee66-4026-9f6a-7dca5b4bec4e,0,True
bbfbfce4-e152-44c5-9b31-94600c58112e,0,True
4a5a6ff6-67a4-4333-8bc0-03cd18d3fccf,2,True
71c8219b-3eb9-4f56-93eb-fc4dd4112683,4,True
e85ed664-9c12-4c10-9717-dd2ce2eea496,0,True
e6565dc3-1a25-4265-a4e1-f0e3917d4137,0,True
91b51f5a-b269-4144-8bb5-c5ea495f66fd,0,True
08d98c05-ff0e-4bad-8813-50bb1b60c306,0,True
c6ebc580-0f21-434f-9db1-a4cbc1059219,0,True
752eee30-e836-474c-a0bc-b85aa2fc7e7c,1,False
b52b6b0a-7628-4e62-91c9-f92f86154d43,4,True
ca4ea5be-5bc0-4350-b2e8-128747ab3551,3,False
a438299d-1a1e-477c-9235-88ba3208c06a,2,False
f8c61430-d558-4d20-afe1-57a789f1805d,2,False
b2630182-c6ec-437a-b037-43efea104790,0,True
8f7d6b47-6115-484b-b9b4-ea50a0611491,1,True
55659cc0-7231-4263-81b8-248e040f8aaa,0,True
ef128ae9-e491-4102-afe5-365d8c2d2199,0,True
00d16345-0288-481e-b679-9205e4482250,4,False
6d963af7-80e0-44c6-80ff-0bd20770cb68,2,False
d5f0288d-1126-4538-8d31-d84c82083094,2,True
2b47a6ff-9d1f-4b82-8186-b38134efd893,1,True
900fb155-4e0b-4529-bc7c-3b74ad047f88,3,True
e34be86a-6a23-4664-90de-894cb315a032,1,True
53c612db-a94b-4a38-890a-eff441ab3aa4,0,True
f5682377-5116-49a5-b1d9-5bca06459b46,1,True
d4d88376-eefd-4611-b765-d1a882598b89,2,False
37fe57ba-8e55-4b2c-be9d-634c35d3fd32,1,False
03f350d4-372f-41b1-a0c2-6cb6efe8ccf7,1,True
6368cdaa-dcc7-42a0-b62a-830910920388,1,False
5890a272-a2d9-4a65-bad1-c0c59d19626d,3,False
10f1785a-fd3e-49cb-8a4a-d72cee9317db,2,False
c97c588b-0bd5-4350-bc0a-df0f60d499c8,1,True
3a680768-9464-4862-992d-f1bb2f35d778,2,False
2d47b28c-29ad-4090-9384-78ed817ceb43,2,False
9c9c3ac2-618b-4304-b928-799690058657,1,True
9ac86080-ecb2-4bb9-8562-468cacf317db,0,True
b8d045b5-2910-4d50-a418-4a4734d2a459,1,True
2ede088c-5255-4d0a-b33d-e0439c023fdf,1,True
7c46a60b-6050-4ec2-822b-f88e0662525b,1,True
2c38745e-0c97-45a3-b4ad-0f14097a2173,2,False
56e0fef6-385c-4cee-b7c9-21adfa8f21b9,1,True
818f18f4-1871-4cdc-a83b-d9290c71acc5,1,True
adae88fb-723a-459f-87b5-61606c4ed5ee,1,True
f12307dc-6fcf-41a6-aff4-a818f62d125c,1,True
cb1497e8-79b8-41de-8f68-871f969b5e6c,1,True
427364ce-1a2b-4356-b6c6-cdd5ec74e338,1,True
f709ab3e-7283-493c-8913-dd9bdf84d88d,2,True
6694d237-ae0e-429c-bb5b-8349060496f6,0,True
012259e8-c83a-41d7-8375-03e8a7c4ef6d,1,True
41e5820c-a860-404b-97c7-33828c49e398,1,False
194a332a-3912-4b27-8ef3-42782d7786e3,2,True
47e128fe-a41b-4742-ad9f-d952171b34e8,1,True
b510b38f-e3e5-4c6d-a546-2a6b8d2ca80f,2,False
a046e15f-8b8a-45cd-8c2c-45eee6c99319,1,True
53c4bb68-d9fe-4f8c-be3c-406ef54de5be,1,True
61917ba9-929a-4473-abe1-03dda0722ee6,3,False
b4fadd71-e138-4523-b800-94e20f735df8,1,True
1e4d91ab-304f-4aa5-bdcd-ac5d2ed3c293,1,True
d8f8e135-ed20-45c5-a6c6-6749b53a7c98,1,True
1ae8f3b8-69ed-4716-a684-07ddba1a2ff6,2,True
680735d0-0550-4706-95c1-5ea633678a83,1,True
bff4cded-4bd3-484c-99a5-7b30e441b958,0,True
6d591961-647b-4d63-86ea-6d43468bf0bd,0,True
79f74453-1675-46ad-8482-0a1d384a5c3b,1,False
d97d21c0-dac5-4a8b-adcc-b6ad75621ab7,0,True
1860175b-9802-4d82-a258-57f3c0b74fc3,0,True
afd3c0c4-7183-493a-8525-d4c3243971bc,0,True
f8768c5a-1015-4f8b-866e-b818667fdda5,1,True
f48e2d53-294c-4bf6-8e93-dcb6ff536a3e,0,True
5c2c9d92-6dcf-4cfe-b3f5-08ba58fc201e,0,True
47a695f7-4a4e-42a9-ac7f-ba5e570df673,1,True
aff5e50d-5f88-4c3d-99eb-bb9523ae9cf1,1,False
bbf275e2-f2ab-4e36-ad05-009a99d431d4,17,True
8f3ba482-64e7-4d0e-aa18-1266b46cd3ab,0,True
8d61a118-98eb-4d82-8a4d-e8620dfd8a93,1,False
7f1e2f79-3620-46d5-9103-106e60c93499,1,False
71453d0b-7f72-420b-a9b8-9db8e0769669,0,False
db519873-6d6d-4482-b992-948904675f31,1,True
bbd58125-515e-46d8-aef8-fe38e817b05a,2,False
1e7cdfe8-d0eb-4bd1-8eea-1b060db95250,13,True
d9f9b2e4-0394-4e98-91c0-ead317eb58b7,0,True
c3df94cc-15c4-41e0-8590-ad0ac0a9d32a,1,True
168a33d4-2fe6-4d51-8d04-4ea7bd824174,0,False
ec9e18ca-700f-4cd5-aa1a-bd9c149f3a07,0,True
89743e0f-e3ac-4410-a31e-79e7bfd245fc,1,True
ff71a70f-d1e2-4eff-a616-c198a2c65c5b,3,False
7e05956f-3439-417a-b07b-409b3fe3b227,1,True
a1499298-361b-4d6c-83f4-dde4f25eac6c,1,False
36fe6c18-ad83-48cf-afdd-415e07f7b7ed,0,True
75d1b54b-e73e-40c5-83da-24f85b459f83,0,True
b7c3e1f2-678f-4d3b-9279-329e02430c97,1,True
e98efc2f-49b6-4529-a0e3-a48852252286,1,True
2fba8578-182d-4a1f-9f1e-543d889ca757,1,True
a3da32a2-8118-46cd-8cd0-96d505e651b4,2,False
2bb8b307-bb56-4e28-8e7e-0d19d022affe,0,True
13b01709-fb5a-4837-8109-a130cba5d4af,1,True
11777e40-e701-4ab7-b37c-60ddbc5c9ec1,1,False
1ac8ec84-9bf8-4cb5-bdab-8c076fa53b8b,1,True
bc279ac7-5d4e-479a-a4cf-07692478f3fd,7,True
8f9d98af-72b5-4e69-9892-3a281a042b25,1,True
a067d6b9-de22-42f3-b49e-2d31b3f91352,0,True
662ce0e8-3d12-48dd-b1c1-e46e302752a3,0,True
8af80a6f-2057-446d-9ca7-53c89c696f82,1,True
3eca3cdb-bb7c-4ff8-96a2-774177eaf874,1,True
a1e97d43-2557-4168-a37d-f24682a5c288,16,False
57d31abd-1073-48e5-9699-069bf5eb5a6b,3,False
985b776d-e806-4da1-9604-2046ec71f093,1,True
da93e949-b3d4-46c2-a4bc-d5a86957bc47,4,True
fa393edd-9553-47fd-abc3-b158a210f4df,4,False
63d3cd1e-c26b-4de8-9653-14c76cc7e55a,8,False
ab3b1e1d-2708-4278-86ff-3177ef5805bc,0,True
7135d88a-0547-4b3d-8014-b83f17eb5837,0,True
bc78a1b4-d5a2-4bce-a8c4-d14115bc8bce,15,False
2beacbf7-ce2e-4069-a8ed-89f23a27d2ec,0,True
b22de68f-3a35-416b-becf-f81a5cde6358,5,False
e1f3fff8-5f5f-4aac-a937-00ac1c294a5c,5,False
58391c16-9970-48a1-9dce-cf63d5ebde4a,1,True
78040e96-aece-4503-8693-52684aeb7c48,0,True
1757adea-ab4a-47cf-b841-3c4db99dd24b_domain1,6,False
1757adea-ab4a-47cf-b841-3c4db99dd24b_domain2,0,True
bd611ffc-8cfe-466a-82ac-86bb2e9a22fa,0,True
2059f04e-09ce-4b2d-9c97-ca6bb9c855c1,1,True
77b7b426-8645-432a-aabc-6207dfaf7048,2,True
ac261e58-aa20-4bd2-8232-71721804e0dd,4,False
a6e7c925-28cf-4b9e-ba24-36ea6ec6101b,2,False
3b881f27-0e73-4f45-bc3c-01e49cd3dbe1,1,True
9481fa7f-ce23-42c2-993e-ad56a3f35f30,2,False
d37e6eb5-32b0-4dbf-aaf5-9a97aa7cbe61,6,True
f832b99d-d678-4192-9242-1533fb954df2,2,False
23faf575-bac6-4479-85b6-1d788583b24c,2,False
8458e97a-9e81-4459-88bd-6e1f7d0ffae1,2,False
2cd0707f-074a-4109-977a-59e5b208c162,1,True
c825ad87-eef0-4d62-abc7-b6394bb441bf,1,True
b3b6ace2-3dd2-4a07-a279-103fd0c18ee6,0,False
8fc67fc4-422b-49d7-9749-ceddaefcdaaf,1,True
b583cfae-4255-4e50-b5c4-069966c26fbb,3,True
04584b09-30a2-4cc6-9850-a641012a2935,2,False
3fcacc62-9395-485c-af18-d341ef0f7e93,0,True
bcdc1dc9-dca1-4437-9c80-6ef6f0f6b40e,2,False
a8e7095f-475b-49ad-88ba-bf59e568149c,1,True
fc8ed829-e43e-444f-a15a-3e859cd91199,1,True
88ec81ac-a9c0-4930-8109-6a9cdf6b3f55,1,False
b7a9325d-4584-41f8-b7c6-e7ed700d9d80,2,True
89efc2f3-8879-4633-aa48-314e1e0b9305,9,True
74f925eb-b9a1-4915-8f19-4551bbb3d846,2,True
c26bf1d8-f80b-47aa-8001-93d47c482d77,15,True
1261f18c-50d4-4b89-8e90-383e68151be3,0,True
d15e1e2c-ecc0-46f3-9b04-ab77ba5eb2b3,1,True
cb9a474b-8360-483a-b648-e45747e88546,1,True
4f1950bd-7323-4501-a791-5763df198fad,0,True
dab76856-44d7-4dc2-ad46-62254f79a4c6,2,False
1c7e80d4-968a-451a-bc3c-ecd694228623,0,True
4e0d3791-4075-4c86-beb8-fe81d85f00c2,1,True
9699ebd7-5e79-40e6-8a24-cf32b7522ac6,0,True
2c08c28b-a7f7-4fb0-813b-d5bc43bd533b,2,False
2415be27-45fb-43a8-901f-83f3905e6794,2,False
ed4aec16-e2c9-4260-8083-96748922ff17,0,True
7379ac84-1d18-45b9-93ed-5540a4a09675,2,False
3fc30e03-1729-4dcd-bccd-1ac1cfdd1573,1,True
46aa4961-39f5-47e0-a8af-dc2b1e701b6d,0,True
4839b2f1-b784-4b48-b9af-41a3cf85e666,7,False
d760883f-baa8-492f-9aae-699459501bb4,1,True
10949fdd-8716-4207-b276-93faf82630b1,2,False
bd6ba3ad-0a89-42ff-be4b-3bfc0dce0101,0,True
342c18d8-32ce-4be2-a7ac-4f35acdbaff6,0,True
bb806171-fd44-408e-8252-9cb9f0a5426a,1,True
6a034d98-3f09-4832-a216-04981c201dd5,1,True
ba1acbc2-75b3-496d-a8f0-25f6f7b505a0,1,True
558855b5-883f-4f93-809a-facbde67902c,3,False
edecd638-7c7e-42e4-93c1-d8885895b039,1,False
b71b3aae-f41f-42a2-87db-0f84b7261e89,1,False
fab493cf-9e79-4455-8642-ba2d5de3c43f,0,True
49e99ce1-48e8-4929-9cc3-44a12594378e,0,True
5b9e5297-cb95-4e35-bb54-50e2ebe1b500,1,True
c66cb97e-f015-4f1f-85f4-512bec60fc1b,1,True
676afa43-1dea-4d95-a281-d5a6d8b2473e,1,True
6349908e-d86a-49ce-8e37-0532f096533d,3,False
9d9a6c37-0e42-489b-9510-b83b328b3e68,1,True
b6a68eb2-caab-455f-98fb-0ac3f93506c7,1,True
1ffbffeb-f752-484a-aec0-3a38137ead7f,4,True
813131cd-21d8-411c-888b-d42bef9cfa96,1,True
54fc7b42-1314-4b8f-901b-145a14c8e1ea,4,True
2d23f867-6882-4e90-b8a0-e250ad380965,4,True
6e8f4568-6a60-4fab-b87a-9207df852fe3,1,True
65a058bb-233f-41d5-80db-e2f09809026f,2,False
d3748e59-b817-4c59-b917-4622be2eaf55_domain1,0,True
88174f5a-4052-4278-9d5d-8f04d74ca490,2,False
6231fff0-43de-4587-ac6e-e4078b68739b,1,True
b100432f-0466-42c1-b826-2de523262024,0,True
b14e6586-7c87-4592-9817-9735e40ce8b3,2,True
de9111b4-6001-45cf-869a-bedfc1c19cef,1,False
d4c26ba1-8247-4375-a95a-dd589d9bbee1,1,True
0fed9671-6e1f-4363-bf0e-ea0a167cf072,3,False
24400a04-19ba-4e4e-bee4-82e6089c89a5,0,True
bfe4bd31-340a-4b34-8a3d-0f9014197fe7,1,True
2efbcaed-9b99-461b-81b5-48461fc7e568,5,False
df44cc9b-0f99-4cbc-8c7f-c6d963569529,3,False
4f015265-e930-4f2b-acc0-32ab40c6bf77,0,True
097e0731-c4c6-4fdf-8708-f8ef5395c725,0,True
7223d36f-5580-4aae-bc0b-4468bc645dee,0,True
a16635a9-5ae3-47c3-b642-67d1f78d93da,0,True
d06bb238-1936-42e8-9127-bc517ea6c75a,0,True
5abbf5a4-ac5b-46d4-9dbe-0bc16dd819a1,2,False
cd9e97ad-5260-4b37-9f88-b594d0463d3a,2,False
023f6fde-4323-48df-83bf-60ad6408d2b6,1,True
3b35e7a8-8a2a-483e-95e3-64a9e78af7b3,0,True
ef024106-698d-4179-9c96-88af73c34108,2,False
3ebc0f52-64eb-4829-91d4-e99a56dd1f7e,1,True
4d224946-cd95-4ac2-a73c-8e70854bf334,1,True
d4e115dd-03de-4697-bc85-953215aae87b,1,True
044941f1-d582-4618-9308-c33e9a0b2849,0,True
2261e50b-ff39-4ab4-873a-4013cf5615af,1,True
8585ec6a-1d41-4dbf-8ee6-46561d6239ad,2,True
f9d0ba1a-20e9-4962-bf2c-1c12e51c0ab6,0,False
f5176d77-75db-4aae-a55e-6c2af1652cf6,1,True
e45b0bc2-1005-4b23-97bc-93c261683f44,1,True
4bc6a23c-2a8f-4406-ad8a-b8c1dd9edc3d,7,False
e10e13eb-9f3b-486c-a19a-d9a53fbf4560,6,True
1f370b44-8c4c-4849-8fb1-40f22f750c16,4,True
d0b5ac5e-201d-479f-a481-04f742fa6e4a,1,True
8614c47a-199f-41db-91a8-941322c7ee17,1,True
0aaa5d1e-6d92-44df-bb2b-88fcefb2eb8c,0,True
13976edc-0595-4581-9b92-680ff36c0b88,0,True
1ab8640a-6d44-4626-bd3a-e809f38ab25a,1,True
b423346b-0049-4b3e-8588-02502b61c2e0,0,True
9b1d746c-1764-446c-8834-71abd4c63d45,0,True
9c6eef35-84a2-4ca4-9e6d-583034babb02,1,True
9a6a984e-968e-4b07-b51a-2d0f46b410ea,1,True
5bec4b29-9380-4aad-9b62-08de90746d42,2,False
d3ccfb0a-cf20-4566-922e-450e82f292d7,2,False
f8902467-2e36-4ab9-b7ba-4ab0495aa81f,0,True
585fc60c-9008-4f85-b3ae-142c686b9632,0,True
abdc0b05-b9d1-4be5-adf5-53537b27b4bc,9,True
c88192f2-3b00-4a1d-81a7-57da78170227,1,True
ad0de81d-2e08-4103-a42a-179f81967843,2,True
f8d10267-4e05-40fe-8080-387d0839ff0e,3,False
48c4a9aa-3e3e-41ff-8b48-9764638e354d,0,True
301049a0-4f05-42c1-a271-52eceb44704e,5,False
029c157d-b21e-4f46-bfc6-0d4c4be38af5,1,False
e3bc6ed2-f387-4263-a02a-f6feb68b0fe1,1,True
4d2bd5f5-8086-4b7f-9db0-60a527f6f714,1,True
50c43953-77fa-4fe8-8853-417ca2b52245,0,True
f9d028d7-fa21-4705-8422-7493fc60d7eb,1,True
9ad52724-5529-49d6-805c-2d20818b7684,0,True
223106cd-cd06-426e-8ffc-371328f4b055,1,True
986bf995-6120-433c-b525-a21ee65d3e44,4,False
32a06318-e8c6-43c7-baba-5b96b692c810,1,True
2e917962-09b9-4d5e-9dfd-038696270e5a,2,False
4066996a-1f09-4bbf-94dc-8f8b5a80ba99,1,False
448058f0-7773-412e-bf12-6c7e08fb87ba,0,True
14136eca-35f6-423f-be66-52b863aeaa04,0,True
ef419e39-92ae-4198-8bd4-fb6f3363b212,1,True
e431d65e-879e-40d2-85bd-17b1be1233ae,1,True
5c7a5b06-cd45-4071-ad4c-058b205d6bed,4,False
88d9cbfe-6fde-443f-becb-91972b9f9f1a,3,False
ea5293e6-d6dd-49fe-aed1-378ca7db3326,1,True
12c9fdce-7f8a-4bd7-a143-3ca620d17008,1,True
8539548c-aa09-459c-b82b-14c0e36c2cf6,0,True
6c659231-145f-456d-8120-0619b28452ad,2,True
7440dee1-0d9c-4c46-a4d7-31f2f653c1c2,1,True
f1657c32-b760-4d2b-8bb6-b716b1740918,0,True
c270ec5a-ef7e-44a8-ad99-cc278b97418e,0,True
faa62a96-f19a-4b22-a8cb-bfa290a531d1,0,True
81b8df5e-7763-4f6e-a06d-73f847b04e0e,1,True
e28dae93-2983-46c4-b7dd-57120af69f5b,1,True
ccf3f58d-abdb-48eb-a2e6-142b40d16281,1,True
9c65093d-2bd3-4f15-ae4a-6877fd6c3127,2,False
6f70eac8-8612-4170-aabb-c0cdb66984e0,2,True
93299b8c-70b6-4a7b-8a29-c03d87aaf8ce,1,True
3cd039b0-a4f8-46d7-8967-79e6660ef62b,0,True
ba794886-78f5-4aed-afc1-cb7076900c2d,1,False
8d90c09f-fb43-44bb-9570-7a548eada846,1,True
89e8b284-bece-46ed-bde5-adca59791299,1,True
2bb148b1-d561-441c-b28a-c883e08bf0db,1,True
53d2ba32-ac9d-4afc-8ee4-ab70d0e3d7c9,2,False
d512c9e4-6bb3-4f1b-95f9-4bb3811d2cf9,3,False
4da0a7f9-bde3-4db7-bd34-2ae404bbbf79,1,True
2a64dfcf-f358-40b5-8fc5-c5a4b5aeb268,1,True
0ca8e4c4-c372-4afc-82a2-5f79aab470b1,0,True
c13711ce-3c93-403f-b6a5-ce27c4834b9c,2,False
5f383252-2ce3-4476-be1c-b3732e4c068f,3,False
56e63f30-572c-47fd-80dc-4953a4e1967f,2,False
4e465c54-2316-4757-896d-e9e131cc6215,1,True
805ad475-e156-4e00-b5d5-00f5f8ea7ee3,2,False
7151a8a2-40ce-4657-9a60-039a3223ecf9,2,True
1806f630-011f-46bc-9cdf-fbd016127ecf,1,True
a523ed58-46e9-43b3-a469-6410da5378ab,1,True
4e5c98f3-1109-4911-b1da-1f96a3a369a7,2,True
b10a8f63-7043-46b1-b07f-6757fa233221,0,True
6bcb6d8d-4389-44ea-a65a-d3ea2eaa623e,0,True
deed737e-3957-42e2-be43-91a284ee5eeb,0,True
8d19a075-9b1c-4137-b82e-35872b2070c7,4,False
e3322b46-e346-41bf-b6ad-82bcc488fb50,1,True
a599166a-b003-4016-b36e-cda900343e7a,1,False
2c1d3de9-f236-4f3c-9244-758a6e08d0c0,2,True
0d6753b1-937e-4139-9746-1d883891c433,12,False
10a62188-bf15-4a7e-af0d-54f0a8360fa5,1,True
03b95e2c-190f-47e1-bd41-38d8a82008e7,0,True
d2d483a8-0fef-4922-893b-2525b3b0c9d5,2,True
3bc53edf-3d21-4438-bdf9-46527d8681c3,2,False
3ae1a77e-aa52-4578-a516-9b40a0409764,0,True
17599e7a-7925-42e8-9ad9-7089ad5bf37c,5,True
2d84776f-d532-4b0d-a48e-19478221e537,18,True
84139349-eacf-4f89-ad04-f6e8df1de1f5,1,True
692c39c3-7270-4da8-9005-7ab7d76ad966,2,False
a0af5d02-ce56-4d91-8bbb-0aa82e987e15,2,True
838ee658-0f7a-4e47-bff2-4d48e035c20e,1,True
264da3f0-bd4b-43a1-bb64-0f21490c6947,0,True
4e6e3d90-8149-40ba-abcb-2e6c3585a243,1,True
e267813d-caf5-4c3b-85d5-b4712f945a4f,1,True
32d49003-c4d1-4710-beaa-76aeff36877f,1,True
dbb1ae51-e641-4cde-b724-dad78e9952ef,0,True
78c9a3cf-049c-499f-871f-5d6fe1781ac0,2,False
bacbdc7d-b606-440d-8d7b-9dfbb8dfb94d,3,False
ed8d280d-c11b-403d-8aa1-20e251c328ae,0,True
baedd5d3-cc5d-44ba-abe5-e84337c96bd3,1,True
05b3757e-87db-4d7f-8751-9aeccd19495b,2,False
90b4efea-0c76-45c3-8bcc-f162f705c9e6,27,False
298a07dc-b7db-4277-a570-ff47f9b884f7,1,True
db2a76c2-d8c9-404f-8abb-1e5a387cefdd,1,False
a5c37ca6-0d07-4416-ba11-6525fd6837e9,1,True
49fda455-dfe7-4069-98b3-da8705e59a3a,2,False
572d72ab-aca6-43ea-881b-d881144bbaad,1,True
3e1f211e-fbbb-4f90-93e7-e5fba28b894a,1,True
3ed55102-f6f8-487e-b89a-6087ffd55dcf,0,True
52f8869b-7047-4c7e-bca9-7ac9d4002241,0,True
e0c20cd1-03d0-4f1c-81c8-92f70ccc86b9,0,True
59e73a46-6c7f-4b10-986b-c9221a9859d5,2,False
fd90aa00-2d1d-43ad-b7e0-6e0667517d4a,1,False
76a76757-7656-4292-b508-a038abb9ce10,1,False
6ce70833-0b2e-454a-a5fb-261c44c33c1d,1,True
19bbb2ed-1b70-4e17-9fef-991cc377df83,0,True
adf43eb2-1832-46e3-8568-b623c9f28665,0,True
9a211556-5faa-4730-b0b1-e78d83db4e91,1,False
010fc115-71a2-462a-96d6-ee5b3eab9631,2,True
2f327b92-b2d3-412a-9f82-9010910a9556,2,True
c4eee123-17bd-4108-b88f-654d0889f654,4,False
a0476b81-b36e-42be-b307-7c7ec196d79b,8,True
7847ddae-b7d2-4780-bee4-53ec05d322b9,1,False
8d84b3c5-62a1-451c-8f0d-da81e0ce2e82,1,False
72135f13-3786-4881-9bf1-531b590b230c,2,False
5b9b7acf-fe5d-4ebe-8fa3-b0465db49435,1,True
a85f8cdd-71de-4a5e-8b5d-d9d3253fc289,3,False
bc23e200-110b-4363-b1d1-6d51e51cd6d5,0,True
9d456565-9a53-4fec-8c64-be11d4fe14cb,0,True
f8352747-81ac-4ed6-89db-9ac49ca49fa2,0,True
b8a76b56-0453-42de-bb2b-c89cb0782ee7,3,True
9c899ccc-0f73-496e-9b16-b49c3702843c,1,True
5ebaa3d4-cb3c-4c4b-95e4-fb61fe7ae64f,2,False
b26a59da-d759-49b8-b09d-ca823a03c3f4,1,True
ff3ebe58-3081-451c-a430-7bcfe6e3d266,1,True
75feac9b-ee6e-4afc-afd5-76de9f4c996d,1,True
68962f2d-bfe9-447c-bcb1-b77d701f66e6,1,True
8a43d18b-3b08-420c-943e-34417a20d676,0,True
1c430000-e4b9-459b-be81-3e4c7f9c8afc,2,True
cd39d8a8-6c1c-4661-8fff-ecd00bd58173,1,True
a25aecc2-775f-4468-aa19-dca2c2fd17fe,2,True
cbd674ff-38e9-4742-9d44-809c87a5adc5,2,True
de565c18-053f-416f-a7ad-1e95df7c9e39,3,False
798bb404-cc23-484b-b2f1-29a87e2d4834,1,True
89ea0285-5822-4068-bf08-c772e732e70e,1,True
3c383df3-0457-46a0-a0bf-a9bbd574fabc,1,False
b1fad5d1-47d0-42c1-97af-45b8566792ea,3,False
91345b30-8ba8-4cf9-b25a-fa0660d8f6a3,3,False
2f7a1a67-2677-4d6e-b710-de90a7f6bf80,1,False
180ff374-3396-4d6a-84cc-2061bc85f12d,2,True
1915a22c-befa-4247-9522-2afbf0eaaebc,1,True
93922296-50fd-4a2b-b203-5bedf137f36f,1,False
bf31ccbc-06c4-4843-8c84-8d9d2ebb776f,2,False
9733625a-1c34-4aca-8278-a8ef4fc7823c,1,False
a177b775-0138-4edd-b986-027c33580138,1,True
4ae2d789-b339-4ff3-a772-284c59dead36,1,True
290bff58-41e8-4be6-befe-13ae11524851,0,True
9df74bfb-328b-44e1-87d2-29ee70719835,3,False
89dffa9b-02bf-4b5e-b226-cc7c4ee5feab,1,True
31199893-b08d-4262-a2ac-d2fb69c050dc,1,False
e1e3bded-cc02-424e-a9c7-52bd32a90628,5,False
c567636f-2e31-47a1-b736-f667cef899b0,2,True
aab08843-08b3-4862-8cb5-0f5e10a494f7,1,True
ca319e1c-1996-440b-96b3-b36d0e51436a,1,True
4af4759a-b1f1-4ecc-afd1-355fe769a0a2,6,False
b894172d-7444-4690-ac57-f439656ed2af,0,True
71f9525a-3cf5-407d-8697-a9336f6d892d,3,False
1412c49d-b7ed-4c37-9b66-5a1e92a10138,15,False
3050978c-4aee-41b5-b77c-61f7f14ecc5b,0,True
4f8cae7b-c49e-4e56-9fe9-be9993f5c342,0,True
213be978-e36c-42e9-9d16-1f08ee0e26e9,1,True
59337c76-ad70-42ef-91e9-d7e83ed6b623,1,True
f77c7657-125f-4bd4-b432-c371b361bf76,5,False
edfedf87-91c1-4191-8650-1f928a0da495,1,True
8ab7af04-cfd0-4e62-8c24-aa0cc263a7a7,1,False
e4d534cd-93f0-4c2e-9b1d-8e129320314c,2,False
9c27fce1-5348-48bf-9be4-0635a03f5fc6,0,True
f05c4892-4425-42bf-8670-c69c45bebc3b,1,True
381bf55d-6613-4eba-8ec6-24408b5f37ee,0,True
b775a55f-06c3-4a95-8569-8a34b5a5e0fa,2,False
bff69150-1daf-43b6-9e83-9762fec1bc21,0,True
2649047e-1aa4-4c58-8c62-f8c668fe0eb1,0,True
f7974c98-7dad-45a7-adc3-03463db88651,8,False
a8f61920-ca15-49d3-b1bc-8ef6f2ce7ea5,0,True
0b23ba5c-84b8-49c9-a4f1-b85ea60fc314,1,True
edea6434-7dbe-4f45-b907-42575c094883,1,False
ec7a8162-dbe2-4294-a8bf-74b6d5513995,0,True
379ad838-678c-42eb-a704-e8707439db7e,1,True
2b4978b0-8852-46ce-9d45-c428d3870a25,1,True
76cc161b-425a-4270-a8b0-9ce1746d03d9,0,True
f37f7d39-b1b2-48f2-a9cd-362410a803ef,1,True
c19fb7a0-0770-45b2-b75f-ef7924cfcce5,0,True
69fd542e-951e-4790-99ed-d84df38de55c,2,True
976c2ee9-e045-4623-9e8e-1bcad5b2f53b,3,False
15d791da-409f-431d-962c-e1fd552032d3,3,False
b530cc58-0531-4e5a-8e34-01a40f9559d3,0,True
9ea2a56d-28f6-415c-9698-ec2cd0576c93,0,True
3cb29264-8aef-440e-8b46-6bcb72b189b1,1,True
ecf9f44d-bfec-408a-b8fd-13d435a729ca,0,True
c894e356-5cd2-4374-a387-74c2d73acb64,2,False
aa82ba83-d935-4516-93ac-3f7ffd04d328,0,True
3b23ee75-5ae4-4cc9-9db3-44175adcf9e2,1,True
fe9bdbb4-c525-4b1d-8af9-600db066024f,1,True
6f5cb683-5319-472b-8afe-3a4a706ebb32,0,True
47a8d180-4cbe-4172-8af1-62bd8b805177,2,True
df6d207e-1cbf-423b-967f-300dbd704fc2,0,True
95a7b560-d2ba-4353-858e-2b577001581d,3,False
221eeba4-8a0a-4673-be5d-902fb5bcbec7,1,True
fd1ba567-a393-4fd8-9ddc-923ab1263a39,1,False
3a3ee7f8-5043-4937-969c-e71c6bfb56e5,1,False
e519ce97-a8e4-4a4f-bd95-8bb085a8e904,1,True
54dad88c-22fc-486f-ba49-b6da7af09523,3,False
36ffd90a-02b5-4a7f-88c4-cc7487b038fe,0,True
b9f3e1a0-ac46-42e5-b8d7-d747ccee12c5,1,True
637ee986-91ea-4222-a7a4-c49ac42f707b,0,True
0c7f30d1-2804-437b-a625-fb1f174b32b2,1,True
22959f4e-8cf4-4d18-9512-5e162006fee0,2,True
707c0ef0-34b6-48c6-a74b-e922657d89c6,2,True
5bf0941e-832e-4f03-b80c-b052883162f6,1,True
eac13607-e82b-4c36-ab0b-96bce676c91c,1,True
ffa19484-b7d4-40db-8d63-578ebbf80881,2,True
bdb52c8b-a08d-4291-ae76-b8404bea7722,0,True
cc2e1b38-94f2-488c-a704-225ca077a1ee,2,False
2df482ab-c847-4318-b4ac-045f0b701716,1,True
53921eb4-b0c1-4ded-a74c-d0f8acbaf176,0,True
cb4fea67-7fb5-46ec-8329-f0035a937ec8,1,False
49b0e10b-5786-4359-aa9c-055d1c7ffbfa,4,False
4843ac28-2ee1-456e-aa6f-9a1aa1092df3,0,True
a3e2f727-c921-4b7c-89a0-dd86fa32d3b1,1,True
7fbdf494-3f7b-40ec-8621-f37b3f610f94,1,True
68dd2b54-1dae-4c60-832e-b5366cc69d95,2,False
d731f44e-7c1c-4c15-8b79-f72ddcf48d44,1,True
4e28d1b2-b75a-4859-bb15-7c67df47346d,2,False
17ce5588-02be-4fd6-82be-7e20e45a7ecc,1,True
3a5b20c2-fe24-4ecd-a3c7-a96fe059e659,1,False
52be9b64-cd0b-457d-914d-a9bd5f3bcacc,0,True
2ffe8b74-a6ed-474c-b81c-9007aaba322f,19,True
0287f730-9102-4c95-83f8-4f76000d2e95,1,True
7e4643dc-e29d-4438-b34c-4bbc6b113147,2,False
5bdcb852-7a0b-450f-a346-eb3f3927709b,2,False
3911dd5b-7b4a-4eef-8d10-485b42487be3,2,False
086bee11-fb83-4e64-a9ec-c709688eabbe,4,False
72439316-4b4e-4426-88df-12e85b240714,0,True
2cf28c16-a82e-48f4-a6a3-56453491031c,7,False
07494d13-7806-4c8e-8c50-5b34561ab573,2,False
80916f6a-6a3d-4f6b-a023-a105f2a8abcb,6,False
1ad53f9f-c90b-4dca-bb11-6a853e96866b,0,False
33119a1e-c415-4f76-9fff-d346ce176640,2,True
db8211b9-3cd0-4f7d-ae3c-63f08ba5a4a5,0,True
81725990-d00e-4d79-9628-87635c06296c,0,True
f7c056d9-1457-4959-8472-93c59e2e4aa2,3,True
791d657c-90e9-4882-b9bd-a2d8084d9c08,2,True
2512e8d1-5d57-4b88-b0e2-2f4a93003be8,1,True
389dca43-598a-469f-9b29-c2c887dd9772,0,True
cf02882e-3d1a-4fe1-b8f5-beff9c48d45c,0,True
e9afd2f1-fe41-4d4d-a53e-a2f2a6cdceda,1,True
69ac7a07-b61c-4c13-91f4-b4b1a4a3040b,0,True
92e2509d-9794-4959-b410-95162b3f8ae1,1,True
72a15d0d-9ef8-491e-9072-30228dd56732,0,True
740a1f33-1ec1-4652-a707-691915d7a882,0,True
29f3ba04-6f33-44c9-b7f4-6721bd929075,3,False
7115d3cc-f503-4f10-bbc7-8eea9f0cced9,15,True
626666e9-e08c-4006-a94b-8d9b2cdf971f,1,False
8b069de9-cc6a-44ab-971e-2bd52a9839c8,1,True
5791424f-07f2-4d71-b158-d40f2be40bc7,1,True
4c5501b4-ae6d-41f8-90e2-3ae0fbf9e332,8,False
22ac795a-3010-4d5d-8053-49dd0161d1ed,1,True
593fc04a-88c5-4495-9174-b8c12033ceed,1,True
9cfc7ae9-a75b-4c5c-a306-fc3d08eb3948,0,True
7414075a-46f8-40e9-a524-f65a22dcd91d,1,True
533ae4d6-f533-4df7-9be8-9c9b8a9655ca,1,True
c9733fe5-fbd7-44c3-af39-2e45e73bb823,0,True
d7bcdb89-17b3-4189-bf05-1a3076d59970,1,False
e9184ff4-dece-4bc9-8881-7c3c47246785,0,True
ed45f6d9-3af0-421d-a3b9-a22f1e03474c,0,True
69c6148d-e1d2-4ac1-bce1-7b7612a14ef2,1,True
185582a0-2aa2-4914-b22f-a43fe4f23753,2,True
046233e6-7a92-4480-a7b4-3b8c6c6fe917,0,True
0094519e-9cd4-490e-94d9-a3f462ad3e40,1,True
4cf4a538-2615-4225-a8a6-159fc99b9199,1,True
720c279e-c9f2-4e54-ac72-8818879f1092,2,False
0cc6164c-81a8-4c1a-95ef-78bf381d1e3e,1,True
3e325db2-b151-43c5-a830-dd62f7d0e9f6,1,True
71be594b-3135-49b0-98d5-b7701a795cde,1,True
69c27e72-4ceb-4abd-a306-5c80eef04e28,0,True
51f002c7-5fd7-4850-aec1-82d2ee7b0358,1,True
23f73c42-334f-4cbb-a374-eb8ab80d0e73,0,True
6509fac2-1a19-4057-91fe-8fa7a48e5d71,1,True
a4a8e009-f958-463d-a14d-4dcb41b35d6c,1,True
8009c91e-84d2-4f29-8f10-1405ef9dffe4,2,False
b05254cd-6f1c-4b93-9726-82e1895bb028,3,True
25dabebf-628c-408e-b508-776b19209402,1,False
938358ca-5cdb-4278-83b3-368f24f68dcc,2,False
3cc19801-defc-45fa-984a-30224b3a8a9b,1,True
74376d08-c6d3-4699-be2a-f0bb2471f3f3,2,False
7be01d3e-14a3-4700-b543-5c24e4713cc1,2,True
96c37956-387f-4a76-9749-6a612e0fde48,1,True
f3a5678f-1010-44c3-8360-a4bb64c853f3,1,True
d8226ad7-3e63-4a60-a3c4-89a708a16981,2,False
d2151bcf-841e-48c7-98eb-5b56ad80a887,0,True
6ad2d307-072c-4444-bee5-1e462df0d94b,1,True
1c9dae12-c876-4fca-bcc5-d0e8e69ca48d,15,False
ca6aa7f9-ea18-428b-ba73-cb1ddfcc9531,2,True
00157ffd-3495-4989-995b-4aebd5b5e507,0,True
df65019a-66a3-44e1-8f27-440ca3979b9d,7,True
37a2c2b9-301f-40ab-acbe-b29fef77d4c7,1,True
4de948f8-5c8e-49d2-9db7-f3991872e79a,1,True
0e811f96-1057-4c1d-8dcb-ea17bc165cc4,1,True
d8682999-28a7-44d2-9842-af9248692d75,1,True
1c00be7e-3c6d-4a25-858d-d625f5558261,2,True
db68d0ac-fd33-44ab-bf5a-37b5dc7781d6,1,True
451da471-dc9e-4931-a0d6-49f4f8343862,4,False
cdded10f-8752-41f9-87ce-52fa4eb95143,2,False
da2205a3-2511-4d26-9ebe-8fc83f9e8a86,3,False
614a1f6e-d114-4aaf-a9cd-f244fe5f9a3b,2,False
667a319e-70f6-4938-ad39-8484a5ba4084,1,True
185846b8-8e96-4900-a0f6-17dae88dc560,1,True
ef5d8bec-da04-452f-b6de-413ab2b0bfc7,0,True
c5f0ba1f-7b6b-46c6-9bf1-e052654ec874,1,False
df577398-f828-47f2-9d78-4c824dfd33b4,0,True
635e3035-26e8-4732-8755-52932cf3c41b,1,True
c7a1be05-6ee7-49b8-994c-8daf6e0071a0,1,False
80b25996-663f-4269-a91c-4a606e0006d9,1,True
f76fa48a-4266-49af-ab67-d3ca08c8e2cc,1,False
0ebf0c7d-baed-4de5-b6e3-2fc876e15fd0,1,True
c716593b-b817-4670-b841-42e55d7b078b,0,True
8ae5c264-4fc8-4770-b75c-ee0384604c2f,3,False
b64c9def-ecbd-403a-b422-248c61b3db81,0,True
ebdb3e05-adec-4f78-80ae-9f5e1233cb51,2,True
49ff2f7e-c958-4d89-963c-e02a2fc89667,2,False
f4b61bbf-4447-43c0-9e58-8db9634c55a1,0,True
de6283eb-fc67-47a7-bf84-6bc51ff3594a,1,True
0af81272-f9ad-477b-8037-27cfb1fd9d2e,3,False
327335bc-4ec6-4ab6-bf91-b9b87f90b5e0,0,True
ae156deb-cf29-4501-a42b-ca6473d2dcca,1,True
b5c67a40-fd06-42fa-887e-dd0ae0844f5f,2,True
614382df-9e30-48c1-b4f0-90401173a9d7,3,True
eec99a34-47f9-4964-b3e0-f2bce6cac916,1,True
bfff5ced-cf0d-46e4-9ff2-7503ecbacc12,3,False
d477d299-cab7-4dde-b432-d8bbca5c980c,1,True
dc4f5ff9-8bde-40f9-9c35-61abab59e0b7,1,True
60763763-0644-4801-b384-2ff5af91533f,1,True
33cafcec-650b-4163-a2a2-464b40e45f23,0,True
8bdd4dac-ec62-4036-8773-e6933570fb70,0,True
005076aa-0d2e-4681-8fec-6e9765e5bf6b,2,False
cd7a7636-d4fe-4e0b-9953-c1c3e72f5216,2,False
5257224b-f42c-4342-a4fc-f95b5b45f27c,9,False
e9d6a68e-9d06-4711-8fe6-cf1990d141bc,0,True
0ba21238-99a0-4a8e-903c-4cbb8cfa8d40,2,False
dc377df5-81a7-43d2-a14d-79e9f64b96bd,1,True
a2467adb-ab80-454b-ad12-c5f79380ee42,1,True
d67f44f2-82a5-4614-85bd-a91c989a7ac6,3,False
c20e75a0-4a84-4863-89ce-ebe45d844ceb,0,True
4be4d8b8-bdfc-4021-861b-abe6d89425e7,0,True
b1d3ceb9-5245-4197-bd75-b04528107976,2,True
6a8ea9f7-1189-440c-8dc4-90e0511c8962,1,True
bfd84c10-6ac1-4d7b-a95b-5366c74aaa67,2,False
bf3ab6d9-4957-4af2-b5f2-a4a16b47a08f,1,True
5cc61a59-3975-4cef-a9eb-d750ffac30ca,0,True
1130d7b8-57df-4c7b-99de-bd3bc4e6ace7,2,False
557e8f01-25df-44fb-81d3-ac11dedbf19d,0,True
a99c18a7-e22d-44a2-a8a3-da1eaaa113a2,1,True
e17fa730-c220-4548-82a5-5fc0fb2a1089,1,True
ff877031-7924-45f3-a522-fcfbaaf6f2ce,7,False
cfc31f78-c477-49f4-b512-1bf63a404c90,1,True
0d49bdb6-f804-4de6-ac07-74fb7de314c8,2,False
8415c114-a6fb-4e8d-a5db-c7b3faa5ade8,1,True
9b0028c2-9827-4af9-bc40-5ec8cb3a4629,2,True
ac997b0c-2f93-4554-b4c3-8b0c66204c3d,3,True
c1a57103-52b3-4511-94cc-f06f45f4522e,0,True
24dc3655-1ecf-4bde-a857-319414d73f93,2,True
408f86ba-be4b-44a9-a142-5b516def22af,3,False
4000b6c4-1892-46eb-87b7-a42edeaf096d,3,False
4f49b00b-329f-46b5-997a-f4c4e1650872_domain2,14,True
d18171fe-1950-4976-b79d-38f45fc0fb85,2,False
1b48a4b0-dbda-4ce3-9c8f-6dffa78f9469,4,False
b2edbcba-70cd-40a6-9732-f68f6119d1a8,1,True
b3fb9d9b-2008-406e-841e-6912f8cf9c89,1,True
bba2582c-0d68-4c16-a7c9-bc48f89a4559,0,True
31a92bee-093d-45d0-9cc4-9cefb8cde374,0,True
a5eb926f-6d11-4c01-a61b-467ddb90b718,1,True
a2813ea9-8cb6-4e99-ac5b-d3ab6f182421,1,True
4d496cc6-b40b-4ec2-948f-de5bb8f5f9b9,3,True
901215e4-9d6a-410e-bdd0-3a4b703f1523,2,False
0380fa95-b25b-4667-958f-a972bc594e2b,2,False
13daa7b6-6b01-43f6-b529-185e0318d2c2,0,True
c26b26f9-0053-4f9b-b088-93ad0f8084b1,1,True
2d631a93-943c-4b49-bc80-f3fcf7482818,0,True
487fd239-1d1f-44f1-a214-e0c2d625af42,2,False
a707dcc9-6911-47da-8ae0-b5153134bfa8,1,True
e3b794c1-d1fb-414c-96e0-9c42704b827b,2,True
52ca212f-3066-429d-8b5d-6f1ab5ff9012,2,True
7fca590d-5567-4fa9-a924-9d10b41a20ed,3,False
74cde83d-5a0a-4ab7-9ef8-e27d3a4b7a0d,0,True
d6bf71d5-8e87-4277-81f0-04189779a90b,1,True
cf7f49f3-7e5c-4def-a22d-5214f9bb7492,0,True
318621d7-c78c-4e42-81c9-40eee60d6aa1,1,True
e0d42761-b494-43ca-92f8-f08dc1e8d22b,1,True
76ac1c96-cdb5-48be-a14f-9b77f6044b79,1,True
59a35fd7-11ce-4c18-ade9-967488607792,13,False
55382e04-a546-4a86-9a3e-2c21f6b2c992,2,False
4c160428-f864-4764-8129-091eb6087226,3,False
06930a03-9f0c-47d2-afdc-bff8428d2323,5,False
8ff7aeb5-3304-4201-bcfd-9a0b16fea5cd,3,False
5ba6356a-03e4-45da-bf5c-d3ef9824f95f,0,True
bfe6da1d-3eda-40b8-8200-c64889a3195d,1,True
f9c08d7c-5796-4133-9795-0c07187b708c,0,True
7997bda4-7662-42b9-94af-689f32b6aa98,0,True
a2f8c906-c740-45ae-be75-a47e22d6c0b3,1,True
42d2e2c0-d9d1-44f1-aac9-6f22200cd684,2,False
f61ccc46-c2a1-4e5c-8932-33c57412f0b5,1,True
e53ccabd-ad30-494e-8393-8818bcbe54c8,1,True
b8ec23df-c378-4a0b-a8aa-5b5d4d0eaa89,0,True
e43499ed-8429-42f8-a657-22a897158a30,1,False
226bdbef-63e5-4a51-970a-cce1a1318ac2,1,True
a3fbbfb9-452a-49c0-809d-5179d6f2e292,2,False
7fb59fbc-cb7e-49e4-8694-505327fd7d18,0,True
219d813f-0dc3-4343-afcc-7943404b52e5,2,False
79428641-0c98-4eff-b10f-b66af0ce05cd,1,True
907b47c7-ee9c-42f8-962e-c7fa9e750731,1,True
bc13bae7-aebc-4703-b78d-b510887b2e87,0,True
a75b5118-8ebc-4e1d-bdd8-a29faead0c47,2,False
1c7c5d6f-e5c3-4247-9a7a-50a48c99b955,1,True
ae6f1375-c4c1-4d02-8321-cb298d33cb54,0,True
de1288bd-3fc7-4358-8919-59ddcd0ab7fd,1,True
e7a5b16a-bb47-4379-844c-e2d855a5c2d6,2,True
f843ab3a-83b2-4ca3-893a-a57a6c6f8ac6,1,True
151894cb-749b-484c-b986-cbaec1ed5b72,1,True
9a758544-970b-4e61-a1d1-a190d1b0ad18,1,False
fdbddd00-2530-4f20-8cdb-f160c41cb27d,1,True
a57c4f68-3260-4f56-8cb8-f8a373e7c1f1,5,False
50b68bf1-7230-45ce-a834-b597db686b0b,2,True
f51bab9a-51b9-4f08-979e-df87d8b9679b,0,True
0922c080-c989-4f8b-85b3-01455d135eac,1,True
5fd870d4-19ea-4771-8963-26f44cbdd80d,5,False
57da2dea-bc49-42d8-a7a0-4ba320a8ee66,2,True
9247fad8-51a2-4a7a-a065-f2d17112c22d,1,True
721b9be2-9f56-4389-bea8-dceab87c4343,0,True
25c5bec0-9c23-45b0-b562-1729921cb0fb,1,True
0f38313f-9107-484d-a366-dfffac7eaac4,2,True
35c093a5-cbd9-4931-9a99-d34609ad020f,6,False
4585b40b-bcb1-49da-9dac-684981c12e33,0,True
201ee666-9601-4c10-9cd0-6ce18ea6f194,0,True
3021cdcd-930f-4ce3-a272-4bc7945232cf,1,True
d3441229-c596-44ac-828f-48243380cffa,1,False
40c4d710-93a2-4c7d-8914-0707678a315a,0,True
626c9cae-785d-4e93-aa07-e33306cc6f60,2,True
c4f27961-ffac-424c-9a44-9a307f39957c,1,True
285a3501-b947-4700-8f7a-e02c4a313bb6,0,True
ecc0a898-0a1c-4850-8bbe-c44ceb8b6318,2,False
cb19b2d0-b1c6-4cdb-bbc7-3d289f3cb772,0,True
35e7ceb0-d079-453e-926d-3894bc99c6c0,2,False
35f0b8d7-1b04-4f4f-bf0d-494865b1027f,2,True
eb7633cb-aab7-4840-8350-ffca2d1db421,0,True
94fa10de-d87b-4588-9a0b-75abea006e7a,0,True
c8c7509d-34b8-475d-9a8d-35f4cbbb18f7,3,False
b543d635-0e71-44ce-b861-c78b758d2880,0,True
033c33aa-0501-4ddc-814a-153b7ce8fa3e,2,True
c5ee878b-bc32-4fa6-9425-b1068ee4d30d,1,True
90b12956-fca7-4b26-9d3c-87071bf37ca5,1,True
90738f70-149f-44b9-a86e-50bff4d7f891,4,False
5debab76-e372-44dd-8890-aade5571502f,0,True
b12e18c6-f0b0-4887-927b-b6dce2182158,0,True
9cabd3e9-9403-4f63-a254-c58fa46a144a,1,True
e8c01392-ab3c-493c-bcb4-c69326613b84,0,True
cd9429eb-ec3e-4831-901a-d515403825ed,2,False
de2123bc-ddfc-4550-8a5f-8a82dba685a1,1,True
675394f2-ba84-43b3-a605-e8fec9e1808e,2,True
e5683ad0-5663-4848-bce9-665a225ab7d3,0,True
32f7ec04-e3bd-4faa-9a1f-f8e53eb1f08e,0,True
c0050e24-dae7-4a59-b69d-5c7152ca100f,1,False
febab948-c167-45ee-8ab8-2542cae9c043,1,False
3acde792-8caa-43e8-92d8-aed5f657793f,8,False
545dcae8-348c-46aa-81fe-36894d26c41c,1,True
a05ba947-4992-4403-a985-f725abb2a4f8,0,True
fd208b5c-7812-4ca8-b0fe-9208301c6618,1,True
6b09c1e4-15e2-4dbb-a373-9226a5c154d7,4,False
67b034dc-0edb-4a19-8e16-103cebab81b3,2,True
6ba98111-aa0b-44a9-91cf-85c68d77343a,4,True
4c6ae8b6-4428-4474-a58d-1caef73c5c61,2,True
4f274148-c5bb-4abf-a7d4-d3988fa7915c,1,True
7805c803-a051-44e7-88c2-85abd3ee1673,2,False
cb5210a9-64cc-478c-b811-d7f49f945831,1,True
dd4b63a4-1a85-47c3-934d-26c301561aae,3,True
23f0a06f-0159-449d-9c12-559cd02aedf4,1,False
8d078472-cb16-4ebf-985c-cb378071664d,1,True
a886106d-8b80-4f4d-940e-813dcc084d07,1,True
faccd9f7-2234-4529-9b1e-4083e03941b1,0,True
dba7fe54-f3a2-406f-a2d9-d14d3fa94c1a,1,True
841629d6-574c-4460-a9b5-1910dfa42df7,1,True
795fba8d-0069-4572-b455-f66fc4ffc5b2,0,True
3b577d20-0d71-4884-b83d-2abdbfc03662,0,True
2c3987df-b0e8-4da6-b1e1-f51c96b16586,0,True
eacf1de8-55f4-4355-9618-a824e82f764d,3,False
ae030167-483b-4ff2-b2bb-7679be674a5b,1,True
e5870862-e701-4117-a434-8af0cb978ce6,0,True
2a06211b-45d7-4c7d-867d-9a937f51114a,2,True
82430571-a611-4ca0-8b7e-c33c8aa7e2d1,0,False
4f138905-c933-4840-9918-13f26fade67c,1,True
f23a6e8f-9bdd-40af-a5dd-6869e1489d9d,8,True
b90e4716-954b-4470-beb1-4e344c38f721,1,True
27d54cd2-f6c6-4b45-80b0-c98b5f3a0252,4,True
9eab87e3-59a3-4d21-bac2-8f0171d3b1b8,1,True
3e9497b5-83df-4520-bc99-deba0fcac37e,2,True
7c87d47d-5b3a-4536-b63d-20dc74a27522,2,True
4f1f8f50-9c94-4de2-a756-fd7254addeca,0,True
a776933a-8635-440d-a2b0-5f420f6e4b65,1,True
2ba73e20-1201-4975-a1c2-6fc31ff97dbd,1,True
4d82d78f-dc34-49f8-b67b-bfa56b0a9cd3,1,True
4ab6b5ba-e8cf-41c2-8cdd-163aa8497c02,2,True
004a3158-bfc4-4d79-9ea3-1cdebed98b0b,1,False
93c50c79-ee39-496e-81d9-81923cd2b190,1,True
f4459747-1837-40e6-81e5-b824100503ab,0,True
bedea733-cf48-455f-a02a-6c3fa76ef27a,0,True
6dc82d43-00da-4d82-bd7d-0f67dfd74d96,0,True
4228d9c6-5bf7-4928-9d4f-bb3b02249137,0,True
e1ac2dd4-bc86-471e-a08c-bb1d458bae48,0,True
34e1dfa8-7f3c-4612-963c-acc0d4541c2d,6,False
5f3708d2-2e85-4e2d-8097-eb30f16f52f2,1,True
2bad1ceb-e592-4098-a13b-eb6346566d86,0,True
8d3f8b82-7e82-4839-acbd-d9d942effbd1,1,True
04acfe7b-be28-491f-8f3e-c67587b6148e,1,True
892305d7-fc1a-49ad-b6ba-395f50b40990,0,True
a58d7df0-1810-4615-8e34-53d4b2c43ed4,1,False
9df8f882-f529-4236-9115-c0180394a99c,0,True
a3118fdc-263c-4d3c-b054-96d0957edfd0,1,True
7014dee7-cdfe-4244-82ae-c4a092977b02,2,True
a37e58c8-f69a-43f6-924e-9d809623c3ba,9,False
a874932e-0a61-4389-91a0-1b10d2fa467a,0,True
66ef4a95-3a8c-4423-b674-370631bbc3c3,2,False
b01c9efa-76e6-4698-9642-fdca18287100,1,False
a9198f91-1937-4b66-bca3-f8bdd9295eaf,0,True
784d967d-de4c-4724-aa34-cfc88fd7e180,1,False
663bce8d-d313-4193-96b2-56b9da37db73,1,True
d56a3f35-3860-4195-87f7-bdc18fc9debb,1,False
c9feb551-650c-46da-822c-7fb981d5dc8c,1,True
d7425db5-7a18-4f62-b4fc-3277590eac2d,2,True
24f1ae51-fed7-4a13-bd33-1825448089f6,15,True
1e311747-e2ac-4ff6-b6ab-fd2339f825f0,0,True
536db80b-47e4-4293-bdc0-dc231d23cdb2,7,False
fcbeb2cd-4859-4fd9-9f86-4733d1fbbe77,1,True
a061135f-93a3-46bb-8461-2bc22b94705a,3,True
1605f4d3-b595-45d4-a4bd-29ea30d6b2f4,1,True
097605ba-97ca-47ea-bb6c-598693befd29,1,True
da583a83-30e7-4767-b9bd-79fdddd69767,1,True
485d0a0a-e980-4d6b-b376-92ea0362417a,0,True
41574be2-0b82-4e26-83df-a8ad5a450964,2,True
751e7a0f-7153-4ff2-b793-e53059bfe871,1,True
b9631b0f-ae6c-4148-b46f-d3e992dfa62f,2,True
3f669fe8-d951-4525-8d84-d1241989a28c,1,False
3c8e568a-1b26-48f6-b14a-bee6e0188a7d,0,True
9ec6764d-f474-46d8-9992-b183bd831f12,0,True
8c518eff-41a8-4e3f-b8a7-098a8d0c2b45,3,False
d9df2997-585b-4559-b09a-c3921984526c,1,True
c0b5a718-0dff-407a-aec4-c2e8f4c8f84e,0,True
de4c56c1-2a72-42ef-a9d0-65054068b2e7,7,True
3bd433f4-a962-4e64-9ff1-e3df8d189ab4,2,False
9b63d40d-4601-40c9-a268-46501ce99f4e,1,True
57e6e58d-ffc8-40a3-9135-8ec3ea82ff88,0,True
a3abfb59-6b3e-4e06-b45e-18695b485b4b,1,True
1e5417ae-4496-4d0b-a276-bb7c0c616f50,0,True
431a7ecd-f4c1-45c0-8e3d-5536cbafc61c,0,True
d67801a3-f826-441a-a2c6-7b1e5bdc7fc0,0,True
71f9c050-3572-49ed-8227-4ad9de1c6837,2,True
13562fb2-8bbf-4f95-a810-4c256e9f0828,0,True
295613b5-8207-470d-8b35-b2ec983035a6,0,True
0002b577-e5aa-4146-97e8-0134b6d23b35,0,True
d3d96601-8efc-4fc5-9d37-5e2b4dcc7b79,3,False
8b5432f0-d65b-451e-8c4b-764bc131ddee,1,True
1cc0d90a-897a-4f7f-a2e5-bd251f22d2a6,1,True
022c8792-ba4a-4b9c-9aa5-6823e4614fb1,0,True
dd1398b1-d2ba-46dc-8a0a-321af86c8342,2,False
75583bea-f805-4137-9a94-c1d792f8f46c,2,False
17085e89-9993-4efd-a9cf-a23e9f2d9870,2,True
cc220c57-d0ee-4c2b-9b33-08445472ac3a,0,False
44cf31fa-ae26-41e2-8c8c-6ba281cbf7bf,1,True
b2145f6e-a3ec-47fe-9456-cdd3f6d5a54e,0,True
c6ae5f3e-edaa-4ba0-bd37-a4fad03a7a86,1,False
9e23ea77-8edb-42b5-a041-185d7d528430,0,True
4dbf0687-0d8a-4d3f-bd3e-6f252fa4609b,0,True
4e86ccbb-cf84-4ef0-9e3d-75ba649e61e8,1,True
43fb50bd-8c3b-416c-a741-f78968c04914,2,True
62ae8852-2408-453e-9fa1-6a9266371fc5,0,True
5e375735-a9ac-47eb-99cb-93961c8a1fca,1,True
ee1ac2fa-0498-4b1a-8585-a4a73627627d,3,False
935f54df-632e-42ce-a712-c3f927fcdc15,1,True
da30621b-d76b-4ed5-884e-53be7cbe5f86,0,True
4c18eaf2-cc8f-4452-9e56-0aa6fe293a45,3,False
1a38834b-e8dc-4dce-bbef-9cd6909fc6e3,0,True
41136269-dadf-4d09-9f9c-a21fa03a4f9d,1,False
f8798cd6-4b14-489a-855e-70e1857b4ae1,2,False
9e1b8874-9a09-4d70-976d-5153a06a9fa3,0,True
6282b9d4-e00e-45e1-888f-fcaab009b158,2,False
c2a5a9a1-7da3-4da7-be7a-ba6641b6b04e,1,True
aa90b79b-b24f-4999-bd57-fee01c618285,2,False
68230355-e870-4d1d-b2cd-660eb951cd26,3,False
ec2d730e-e346-486e-9402-03c19a62d99c,0,True
0e7bc840-c433-4f40-8f8a-a925ea91ce54,1,False
f5b86848-b45f-4840-a1ba-094d02c06320,0,True
b473aa0a-909d-4091-b39d-5c1c0351a7ad,0,True
a19b8a38-4bc8-457d-95ed-50c8fa2b1ca8,1,True
6176737b-8406-4379-a32e-d42edb689eed,0,True
2b82eb48-b68e-4d6e-8666-88397cd2f1e4,2,False
ee26f53b-5afa-4293-b311-d17a9c68894b,0,True
2b445534-7fc7-41dd-8bee-88a26db92834,0,True
44f4434a-9218-4ab0-98fd-e53757c1493c,2,False
26b4a80e-550b-4014-9d5d-c74b0d6da3dc,1,True
4d175d0f-6413-403e-bb94-3352d052b0de,1,True
b05e002a-6017-4e62-ad15-93015bccaabd,1,True
98a52746-b8dd-4b6b-be57-6d55545f9a01,1,True
f1b9985a-8fb3-458d-8a29-e0488f1b7206,0,False
e07871c6-8bd5-46fd-b345-31abcb6eb9b7,1,False
fa46b71e-145e-43d7-b233-e914453c66ee,1,True
04e384c8-7d9b-45b7-aa76-b4838734fbc4,1,False
06ba9096-ab6c-45b0-bdf3-97ed90726399,0,True
8627dd2e-3ffa-474d-a052-a5b74e70c2ec,6,False
f5d94fe8-c5c2-4489-b186-757d111286c6,3,False
9a3fa44a-dc2a-4e3a-88bb-9b88b076b759,0,True
dae43586-8dd8-40cf-9362-6cf1fab72e2a,4,True
5e346888-d717-4e74-bd2e-970b0a326187,1,True
3264fe83-0244-4936-acf8-3ad2211472db,1,True
bf93b38b-ec74-4e49-b7e8-19788dc5431e,0,True
132f6c05-817b-4f04-99ef-5f57eee9ab5f,3,False
f6c82a88-755b-49d9-b822-001a7c1e334c,1,False
7f4c1ec7-d33a-4551-b0cb-08bc12b3c898,1,True
f3cd3c1f-81b1-49af-a7da-8773154b79ae,15,True
ade09767-8d20-4f18-bcac-8b4928989386,1,True
2f8e9319-83c6-46b8-a130-4e0f51338402,6,True
90898268-830f-44e9-9882-ca3a0230aefa,2,True
af1592ea-adc1-4f60-a798-6103377bf260,0,True
4c2c46c9-9fa6-41ba-a424-f3e5356c08cb,1,True
7c7aef92-0812-4c2c-b91d-e5b1b11b82c2,1,True
5c485b18-5894-43d2-8c15-987e0e0a3b37,1,True
d90c6063-c3d9-413d-ac72-9d3c5f26f0c5,0,True
da90d522-fd58-4562-bd7c-26baf94281c9,1,True
1757d7a1-effd-4437-8b8d-e76d54a5d79e,2,False
6f33fd64-06f5-49af-9576-3b4cc210e0b4,1,True
7bfd14e4-7675-454d-81dc-714b8900b2d0,1,False
00d47cd3-1b2d-413f-9560-9cf2c752ffa1,0,True
26d5ddf9-f6d2-4f25-8681-3ff43c7509ec,0,True
8b449aa2-0011-4e60-a8de-f11d7d53e5ec,1,True
f48ebec2-30ba-4ee8-ba33-9f7f1023359a,0,True
e76a094e-d614-4631-bddb-c9ffc8663d19,0,True
26929ae6-6473-4c97-917b-2bfe1e44f3f1,1,False
adb4953a-ac13-4d77-aa9f-c9f4e8bb1bb6,1,True
6bb764db-a06c-4932-8840-2f131c262f1b,0,True
dd52fbec-01e4-4237-8cc2-d415e0b0fafa,2,True
c75ea4fb-6921-49cb-a9c4-6fd11edae9e2,0,True
219ffb82-1f9f-4df9-9da5-80c9d265a0be,4,True
9cac3bc3-d913-4557-9bd8-0132d7761c96,1,False
4a4573e6-590c-4d30-855c-7a5ed59d1c77,1,True
0e1d297a-5b0b-42a5-9dd9-e9c2bf1fc23d,0,True
bfbf3b55-6949-4544-8b3d-424894bff25b,1,True
2619e1d8-afb2-4d23-80eb-4f56caf296fb,2,False
7ead5789-3ed5-4458-9ec1-546063d95842,3,True
9728c99f-e52e-4405-b836-e845ceff7f66,2,False
b7d0aa78-01ba-4062-b0d8-bf0918ce1edc,2,False
20b2775d-b4cc-4980-a974-9a043f2321c0,2,True
6eb10e6e-c7b9-4372-ada2-5d09d6b3c5dc,4,False
fe53eb78-1f1f-4abd-bbfd-71a141b9afa1,0,True
45b23037-9d66-4cc1-9c9d-919b25a6561f,1,True
354df0da-8525-40f3-af80-a3811f8ed492,0,True
67b026ac-7f2a-4549-8fcb-c47346d3ac6e,1,False
6748f1d6-53cf-4306-b46b-0a44c10ce98c,1,True
98aebef7-c10b-4412-88c6-2722c515fb51,0,True
c680930d-9686-4e7b-a82e-b82b8cc974f2,1,True
b231faef-cde7-4e14-a241-7fd9048156ca,2,False
513381d4-e099-48b4-826f-9f591e604b8a,2,True
a380fc60-06c6-44fb-810f-48517eb9be21,1,True
1929bd20-e9a2-493d-be90-3fbb15595585,1,False
2bd19595-6691-472e-b9a8-29a421294031,0,True
4c812dd1-5f50-4ebb-b29b-760d724d7ec1,6,True
7f30d7dd-5da4-4ea7-a91b-511f3e7b3769,4,False
91d47e22-bb72-4297-9192-45318ffc75ff,1,True
9cebc973-bf9f-42eb-904f-1bd1851b7684,8,True
ea1f2c9f-d499-49d2-9d9a-871e5907ea59,2,False
204e6298-589d-495e-818a-24f2758eacca,2,False
3acb6322-791a-47a0-809c-4b5b72c72f85,3,False
f2029ff2-681b-42b7-b469-cdc1925ebf47,3,True
c06b6114-967a-4635-abd3-5e9c77ba4d08,1,False
4d4850e3-ae99-40dd-bfe6-795d08cb2d6f,1,False
605976c6-4d91-47f6-9f08-8dce7e7d6994,1,True
cb8f43e1-0445-46be-af92-7d479b41c946,0,True
e1577ef3-a99e-4957-a0fe-9684777614e8,2,True
586016d4-21e9-4257-97f0-32e4fef622c5,1,True
5ebe451b-8fb2-4dd0-9499-498508759366,0,True
e34fbf04-18c2-4937-aa92-c3b65d58016f,0,True
fd2590c2-a62e-45be-8965-ece6bc3c2c42,1,False
b5af16fa-be9b-4e4d-b295-f784c7c1e587,2,True
26f0dcc0-24ba-4b2d-91e0-01bcc470cfc8,1,True
8cef934a-e221-45fa-bb1e-1ce5fb861982,2,False
0167c81c-4fca-4384-b949-37df799ff699,1,True
761da234-7c3e-4f78-b94d-e7359d551d8c,2,False
c246dca7-b98e-45c6-88cf-2d321ec9c181,1,True
82fcb85c-fbb2-40b0-afeb-75b988a85e16,0,True
73526100-4bec-4704-ae62-3e054a8118bd,4,False
30383cef-a13a-4d56-b514-7bf92fc8c911,1,True
4c814f88-4ca2-4694-88b0-b20db102a711,1,True
117b8c46-6e18-44fa-9514-fdbf4f56d985,0,True
99204a17-e945-4e6a-9e34-ff631756d9bc,0,True
3ee6a18e-f24b-4289-b4d5-46ae4e955e1b,1,True
7ac949d0-1851-48b8-b1e4-2549b6c22b84,0,True
2ffa8e81-a902-43e1-bb61-3ffd566e6212,3,True
2c74c3b0-3c03-4b48-a7fe-a62424f47845,2,True
f77a949f-0caa-48c9-a1ae-9506e255cecb,2,False
820fde60-62f4-4e61-a2f5-7d4242409b15,1,True
387f8a73-200f-475d-bc53-9592a5a1a88e,0,True
3f0b24d8-0385-4020-bef7-be31d2a4cd96,1,False
639d738f-7950-4b76-939e-b0d15dd72106,1,True
176ad6b8-a898-469c-9081-5cb1efd1e8e2,1,True
168cb4d2-dff6-4515-a112-56bd55be463b,1,True
3c19322f-fa9d-475f-a614-2511aeb2365d,1,False
f5e9c7b8-aa56-45d9-b5b9-461f248736f4,2,False
7476603b-9d0f-4246-8ec3-ddac14b3fa2b,2,False
8026dbad-3209-4e73-bec3-aa01e6b778e7,0,True
33ea0878-b99c-427e-bc28-1a6aa553efc4,0,True
8ec970de-a605-4a85-ba5c-66c3637fc181,0,True
30997f87-6f6b-494d-8640-125af218d8d2,0,True
9d2efe1e-18e5-4807-90b6-be0e28084dfd,1,True
e21f7b5e-cc06-496c-8c6f-7bcad70c7344,2,False
fbe052ab-9d33-405e-b3d7-31ee4e948923,0,True
8a00edf1-6bee-48a7-945d-3dce27c05ffe,1,True
b5e0b10f-ed46-4c8e-a937-b96a43d1b562,8,False
1a6b03c7-04a1-4ae8-8c51-a01a9b1689c3,0,True
0678e217-f9eb-4d83-a3bf-2a4990e7cd1a,2,True
0f0c7a50-b277-4cb6-bf4b-e5a6ecb369fe,1,True
37f31999-eb46-464f-aca9-e80b9a1f6344,1,True
2f341fbd-a727-4494-bfdd-8ee89024f7a4,2,False
2de648aa-8b50-44e8-8ac9-69792645afa2,2,False
b4345bac-6c50-4eb3-b0d1-4b9c200794e2,3,False
7410c617-5ac7-45f9-9ec5-cc722c37c31d,1,True
86e2d062-51ac-45a2-8256-1f67ca920fe9,0,True
c31c4e39-1ffb-445b-88af-34464246aa07,3,False
df43d3d5-0c6e-4376-9f5f-2c57518acc0d,2,False
b12fdd5e-79fd-4410-bf01-be34d71fea66,2,False
1c62f060-f8f5-4566-9ba6-16656ea21ea1,1,True
a135ce6a-ee65-46de-b3f0-b30bec3c9212,1,True
27ed30c1-6454-49c2-b95d-587aa1be8b8e,1,False
18b7b396-00b9-4cea-959b-49e9ea039355,3,False
8cab9b3d-642a-4d81-a9a8-532d0e289f9c,2,True
ab81048c-e664-4ebc-9fc3-fc4dbc1959dd,1,True
20f7b753-9340-49da-9864-b910cf7b2192,0,True
6d7f3ca4-c81a-45a7-b7e1-81f8bc3c8fa8,0,True
dcae5828-dd92-4eb5-aa35-47c6369924b3,0,True
7eece296-6940-4c56-aa33-d59c68bf5be9,2,False
3f23afed-1ce2-451d-8cda-e7b748c4f633,3,False
6c2c0d39-e84b-42db-a8fd-f95c159a7f49,0,True
ae6ea2f8-458d-4e68-9aae-8e9dd27852a5,3,False
e022431d-e6de-4032-9ac8-bc13e12c3df2,4,False
aae3ee32-aa41-4af8-9f12-faf1bf560e1c,1,False
f9f3c89f-ee13-4a07-9267-072db5e62668,5,False
087568b5-62a2-44bf-a48d-a17060a4f3a0,2,False
c13f94e6-a2ca-4057-950c-db848b6a788d,1,True
0ada5d6c-f111-4a8f-965d-fd307a72d41d,1,False
1dbaba80-6278-49bc-bd9a-f89683ddf6f5,2,False
1950433b-64e1-4a6f-bdcc-2f36cc545cfb,1,False
d4851f62-bc82-4d03-9626-0a6004341aa2,1,True
8f4be758-2122-49ec-838f-a05ad031a5ce,13,True
75bf475c-09ec-4b11-98ab-11f65e0f93b9,3,False
b165ac5f-eb55-4a7e-94bf-35bd848a5d8b,1,True
af5a0ec0-bf87-432a-abd7-db94b721baea,0,False
01589335-1adc-482d-b11c-983815b5e051,0,True
78d6440d-91c4-42f0-add4-a81ccff9465a,2,False
1b06843b-deb3-4902-8475-02822e6de47d,0,True
d9cc9e1b-19f9-4fa8-91f1-3186fd17b914,1,True
961dc528-2d2c-4ab9-97e7-b4a92b397063,1,True
c7731aad-b01e-4bd0-a9d1-3d8a4285c7a6,1,True
80f15305-97bb-4a82-9ca5-8a3bf6dee804,0,True
3bf0364d-d95f-498f-a4d3-d325ec3253c2,0,True
a541b386-8014-492a-9e02-0697dd9e83a2,11,False
dfd46e2f-8281-4b99-8327-b7623a489cc2,2,False
9f6af846-d3a2-4080-822b-b684666930ab,1,True
9a6e0618-5e52-48a7-880a-9a794edc8f26,1,True
6c043843-5608-4fa0-8262-13af8c0c7df0,1,True
a178bd69-2826-496a-8a8e-ba9aaf05e157,1,False
658982db-dce6-4ff5-85b4-dd9904e60e84,1,True
eca8eac0-2c4c-416d-a062-cc48b5b75ae8,2,True
d45bdd29-2466-4840-90a2-2eac121ee78e,0,True
7da0a3c8-55fd-4495-af32-436713e9c5e1,1,True
b4ab1c5e-fe99-4fe8-adb9-5eb4b57d394a,1,True
9b2a60cb-8180-43a2-bea4-9d505b74e5a3,0,True
10d782de-a9f1-45c6-8715-65c21d0dacdc,0,True
52e37783-8507-46f0-817d-7e2dde9e9666,2,False
2488dcfc-d01c-4fd0-b4e7-cecdd72045a5,0,True
d168d3d5-8d70-4cc0-9bda-2d4d9e95ad02,2,True
baa19388-3afd-46a5-9043-d87ed358167f,7,True
8eb0c283-29dd-4662-a7c9-80caad7b9fcd,1,False
ae90054a-f8f2-4a41-ab2e-1abf2b944236,6,True
78d15b9d-ae00-4abe-a3e5-0984144d2aae,2,True
9ed2d65d-110b-479a-9f05-a3a4c0307998,3,False
7bfbcb88-398d-427a-96bd-cc1f56ab466d,2,True
13c05598-9def-4624-8674-14f905da4395,2,True
61ec4054-ec1d-4f47-af0e-6f16503bab3d,5,True
aa2477e1-a74b-47ea-b115-33797612500a,1,False
5ff4271f-68bb-44fe-9d17-84df506bbd71,2,False
fb332db5-35f6-446c-8016-bf18c71fb965,1,True
8d8b200a-c083-4e6a-93cb-ad149abb1b6d,1,True
4b0ac12a-d4f5-455c-b707-804c4963a827,5,False
d8571e2c-99d0-4a6e-b6c8-69a5ea909926,0,True
52342ecc-fe38-44e6-998a-32675025fc59,1,True
d810c8dd-020b-4a17-b4f4-65bc712aa0bb,1,True
ce5d3bcc-e813-4b50-8e06-52a122fb17f2,1,True
46e25755-2877-43ef-8294-836879029826,5,False
f5f76e0d-1e99-4d81-8733-4bda85fba24a,2,False
d3891726-04da-429b-8128-a853d843ec4e,1,True
6d0fcf70-3a00-4c1d-b669-56964abf0894,0,True
76b65b26-0f24-4a56-91f3-56e075d26a8d,1,True
3986aad0-0aa3-405a-a14f-cc20c2701567,1,True
af75f2e6-22e1-4906-ac69-21ecc2259c3c,0,True
cac2a1ca-3cb7-4a5b-8489-064b18233936,2,False
877cd575-8a63-43ec-b155-8af297b62e0a,2,False
61426950-2185-4501-81ed-dae8c1aaf371,3,False
d6811ee0-4cde-4b97-8369-b597a201cdd5,4,False
b9b1c06c-4a47-457c-907a-17d25b45f918,2,False
626e061d-8e37-45a0-b6a9-1ddb9338bdc1,2,False
63e229af-93d3-428c-80d1-707c1f8cc1ab,1,True
cb6e8ac5-720c-4089-b8ea-fc711df12b72,1,True
679c5984-a9d1-489f-8b81-af3b8d7154cc,1,True
f6e416ba-b4c1-4037-96b2-de61835cac0f,2,True
6dafee10-2ed7-4aea-a1c3-d7af2c283134,2,False
c2e7d415-d7d1-4624-97fa-7738534d5a36,1,True
2c33eb73-405d-40db-b46b-cc5dfd2dfa55,0,True
f581d493-af55-460b-a343-5b6fed00b73e,0,True
6e1fafdf-347a-45da-a57c-06db036c2182,1,True
5159d766-4e75-42ff-84ce-f475ebbbcf6a,1,True
c1b786d5-589f-4c75-82d5-9bd8e2daaae4,1,True
e04cf3a7-f28b-4a01-a942-08872f5009e4,6,False
384a5482-202f-44ff-a7a1-0226ebbee2ba,2,True
467241b8-5ad2-4b95-a2ae-9294d606a64d,1,True
612dfb3a-c824-4637-8c90-47a80a72e0c2,0,True
a070decd-47e5-49b8-880d-977d5739d10e,1,False
fd8fdbc9-34d8-43df-85b1-9cb78dd20788,1,True
723fa186-7aa6-404b-b4b3-02068dc363ba,2,False
641029e5-44de-4b50-9229-2b832f9865f6,1,True
2d747bf3-f7fe-4840-9e4c-471c91a4524b,2,True
1e9df599-46e1-4928-bbfa-906b11868fd2,1,True
05e75c18-3cd6-42fe-a947-4ddc440abf7f,0,True
c44e64d2-0e5f-4439-bc4e-d46e10f2ceec,0,True
9ecba751-7823-4cf1-ba4b-ced392834b31,3,False
313c1780-bec3-4c6e-a363-cc2bb81afcc6,2,False
61461ee3-1163-46b0-a020-4ebdb71995ac,0,True
32924fef-7ef4-4131-ae7c-e39144ba050b,2,False
ef0baa92-34ed-4530-a5f6-8516d98a8116,1,True
b0c5a99b-6500-476d-8612-85a27658163d,2,False
109b029c-1855-477c-861e-8dd2f01dfb00,3,True
9797f691-5491-4fab-9f44-4752392afb41,1,False
8c468649-a4ef-4aff-a9d0-26b74036e6ab,1,True
15f234f5-c53f-43a4-a11a-316dbdd53687,2,False
36e7eee9-fd55-448e-bea3-85e029f6f018,1,True
4c16d3c7-2487-420c-a00f-0d6d924012ca,0,True
575785fa-f2e9-4736-bac6-a4dbf362ae9d,0,True
3d57c132-4390-46b2-a677-4cd151e2608f,1,True
01070023-3fa1-4aaa-ae96-e33bfebcde25,1,True
b5782eda-8ea6-4bef-88a8-fbc546f95f8d,2,False
7cde2ed0-01a0-4c82-8fd5-968a760bb583,0,True
3543967e-a58d-4d25-a389-aa23e4107b76,2,True
4d53fd80-937a-4f42-9e9f-21e9289f1d94,1,False
34beba48-7f5f-4474-baee-421938c77396,3,True
12c5151c-c432-4f1a-bea8-bc6f652d4a98,1,True
77360ed2-f631-469e-8740-efe30409b7a1,2,False
26388704-9b5c-488f-b7d0-b1986f9e0cb0,1,True
84daa6d0-1527-4751-9112-0eadfaa0828f,0,True
bb23ddda-47df-44b9-9030-9fd853207fc1,0,True
e7239015-2979-43bf-b597-da35a71e8fb7,3,False
df8610c2-e0e3-4e74-927f-fb8de2823b44,5,False
c484da36-b2bc-49ba-a5e8-0e3fd8a5bf37,1,True
29799bbc-f642-40b7-ac98-ae2cf312a90f,0,True
fb87ae94-48e3-450d-acdc-5eaaf613979b,0,True
8a486d2b-b32a-4591-b353-d59972489902,1,True
2100f601-bd38-46b9-9bfe-79a6df6e482d,1,True
